DATE,Afghanistan,Albania,Algeria,Andorra,Angola,Antigua_and_Barbuda,Argentina,Armenia,Aruba,Australia,Austria,Azerbaijan,Bahamas,Bahrain,Bangladesh,Barbados,Belarus,Belgium,Belize,Benin,Bermuda,Bhutan,Bolivia,Bosnia_and_Herzegovina,Botswana,Brazil,British_Virgin_Islands,Brunei_Darussalam,Bulgaria,Burkina_Faso,Burundi,Cambodia,Cameroon,Canada,Cape_Verde,Cayman_Islands,Central_African_Republic,Chad,Chile,China,Colombia,Comoros,Congo,Costa_Rica,Cote_dIvoire,Croatia,Cuba,Cyprus,Czechia,Democratic_Republic_of_the_Congo,Denmark,Djibouti,Dominica,Dominican_Republic,Ecuador,Egypt,El_Salvador,Equatorial_Guinea,Estonia,Eswatini,Ethiopia,Faroe_Islands,Fiji,Finland,France,French_Polynesia,Gabon,Gambia,Georgia,Germany,Ghana,Gibraltar,Greece,Greenland,Grenada,Guam,Guatemala,Guernsey,Guinea,Guinea_Bissau,Guyana,Haiti,Holy_See,Honduras,Hungary,Iceland,India,Indonesia,Iran,Iraq,Ireland,Isle_of_Man,Israel,Italy,Jamaica,Japan,Jersey,Jordan,Kazakhstan,Kenya,Kosovo,Kuwait,Kyrgyzstan,Laos,Latvia,Lebanon,Lesotho,Liberia,Libya,Liechtenstein,Lithuania,Luxembourg,Madagascar,Malawi,Malaysia,Maldives,Mali,Malta,Mauritania,Mauritius,Mexico,Moldova,Monaco,Mongolia,Montenegro,Montserrat,Morocco,Mozambique,Myanmar,Namibia,Nepal,Netherlands,New_Caledonia,New_Zealand,Nicaragua,Niger,Nigeria,North_Macedonia,Northern_Mariana_Islands,Norway,Oman,Pakistan,Palestine,Panama,Papua_New_Guinea,Paraguay,Peru,Philippines,Poland,Portugal,Puerto_Rico,Qatar,Romania,Russia,Rwanda,Saint_Kitts_and_Nevis,Saint_Lucia,Saint_Vincent_and_the_Grenadines,San_Marino,Sao_Tome_and_Principe,Saudi_Arabia,Senegal,Serbia,Seychelles,Sierra_Leone,Singapore,Sint_Maarten,Slovakia,Slovenia,Somalia,South_Africa,South_Korea,South_Sudan,Spain,Sri_Lanka,Sudan,Suriname,Sweden,Switzerland,Syria,Taiwan,Tajikistan,Thailand,Timor_Leste,Togo,Trinidad_and_Tobago,Tunisia,Turkey,Uganda,Ukraine,United_Arab_Emirates,United_Kingdom,United_Republic_of_Tanzania,United_States_of_America,United_States_Virgin_Islands,Uruguay,Uzbekistan,Venezuela,Vietnam,Yemen,Zambia,Zimbabwe
2019-12-31,0,0,0,0,0,0,0,0,0,0,0,0,0,0,0,0,0,0,0,0,0,0,0,0,0,0,0,0,0,0,0,0,0,0,0,0,0,0,0,729,0,0,0,0,0,0,0,0,0,0,0,0,0,0,0,0,0,0,0,0,0,0,0,0,0,0,0,0,0,0,0,0,0,0,0,0,0,0,0,0,0,0,0,0,0,0,0,0,0,0,0,0,0,0,0,0,0,0,0,0,0,0,0,0,0,0,0,0,0,0,0,0,0,0,0,0,0,0,0,0,0,0,0,0,0,0,0,0,0,0,0,0,0,0,0,0,0,0,0,0,0,0,0,0,0,0,0,0,0,0,0,0,0,0,0,0,0,0,0,0,0,0,0,0,0,0,0,0,0,0,0,0,0,0,0,0,0,0,0,0,0,0,0,0,0,0,0,0,0,0,0,0,0,0,0,0,0,0,0,0,0,0
2020-01-01,0,0,0,0,0,0,0,0,0,0,0,0,0,0,0,0,0,0,0,0,0,0,0,0,0,0,0,0,0,0,0,0,0,0,0,0,0,0,0,0,0,0,0,0,0,0,0,0,0,0,0,0,0,0,0,0,0,0,0,0,0,0,0,0,0,0,0,0,0,0,0,0,0,0,0,0,0,0,0,0,0,0,0,0,0,0,0,0,0,0,0,0,0,0,0,0,0,0,0,0,0,0,0,0,0,0,0,0,0,0,0,0,0,0,0,0,0,0,0,0,0,0,0,0,0,0,0,0,0,0,0,0,0,0,0,0,0,0,0,0,0,0,0,0,0,0,0,0,0,0,0,0,0,0,0,0,0,0,0,0,0,0,0,0,0,0,0,0,0,0,0,0,0,0,0,0,0,0,0,0,0,0,0,0,0,0,0,0,0,0,0,0,0,0,0,0,0,0,0,0,0,0
2020-01-02,0,0,0,0,0,0,0,0,0,0,0,0,0,0,0,0,0,0,0,0,0,0,0,0,0,0,0,0,0,0,0,0,0,0,0,0,0,0,0,0,0,0,0,0,0,0,0,0,0,0,0,0,0,0,0,0,0,0,0,0,0,0,0,0,0,0,0,0,0,0,0,0,0,0,0,0,0,0,0,0,0,0,0,0,0,0,0,0,0,0,0,0,0,0,0,0,0,0,0,0,0,0,0,0,0,0,0,0,0,0,0,0,0,0,0,0,0,0,0,0,0,0,0,0,0,0,0,0,0,0,0,0,0,0,0,0,0,0,0,0,0,0,0,0,0,0,0,0,0,0,0,0,0,0,0,0,0,0,0,0,0,0,0,0,0,0,0,0,0,0,0,0,0,0,0,0,0,0,0,0,0,0,0,0,0,0,0,0,0,0,0,0,0,0,0,0,0,0,0,0,0,0
2020-01-03,0,0,0,0,0,0,0,0,0,0,0,0,0,0,0,0,0,0,0,0,0,0,0,0,0,0,0,0,0,0,0,0,0,0,0,0,0,0,0,289,0,0,0,0,0,0,0,0,0,0,0,0,0,0,0,0,0,0,0,0,0,0,0,0,0,0,0,0,0,0,0,0,0,0,0,0,0,0,0,0,0,0,0,0,0,0,0,0,0,0,0,0,0,0,0,0,0,0,0,0,0,0,0,0,0,0,0,0,0,0,0,0,0,0,0,0,0,0,0,0,0,0,0,0,0,0,0,0,0,0,0,0,0,0,0,0,0,0,0,0,0,0,0,0,0,0,0,0,0,0,0,0,0,0,0,0,0,0,0,0,0,0,0,0,0,0,0,0,0,0,0,0,0,0,0,0,0,0,0,0,0,0,0,0,0,0,0,0,0,0,0,0,0,0,0,0,0,0,0,0,0,0
2020-01-04,0,0,0,0,0,0,0,0,0,0,0,0,0,0,0,0,0,0,0,0,0,0,0,0,0,0,0,0,0,0,0,0,0,0,0,0,0,0,0,0,0,0,0,0,0,0,0,0,0,0,0,0,0,0,0,0,0,0,0,0,0,0,0,0,0,0,0,0,0,0,0,0,0,0,0,0,0,0,0,0,0,0,0,0,0,0,0,0,0,0,0,0,0,0,0,0,0,0,0,0,0,0,0,0,0,0,0,0,0,0,0,0,0,0,0,0,0,0,0,0,0,0,0,0,0,0,0,0,0,0,0,0,0,0,0,0,0,0,0,0,0,0,0,0,0,0,0,0,0,0,0,0,0,0,0,0,0,0,0,0,0,0,0,0,0,0,0,0,0,0,0,0,0,0,0,0,0,0,0,0,0,0,0,0,0,0,0,0,0,0,0,0,0,0,0,0,0,0,0,0,0,0
2020-01-05,0,0,0,0,0,0,0,0,0,0,0,0,0,0,0,0,0,0,0,0,0,0,0,0,0,0,0,0,0,0,0,0,0,0,0,0,0,0,0,225,0,0,0,0,0,0,0,0,0,0,0,0,0,0,0,0,0,0,0,0,0,0,0,0,0,0,0,0,0,0,0,0,0,0,0,0,0,0,0,0,0,0,0,0,0,0,0,0,0,0,0,0,0,0,0,0,0,0,0,0,0,0,0,0,0,0,0,0,0,0,0,0,0,0,0,0,0,0,0,0,0,0,0,0,0,0,0,0,0,0,0,0,0,0,0,0,0,0,0,0,0,0,0,0,0,0,0,0,0,0,0,0,0,0,0,0,0,0,0,0,0,0,0,0,0,0,0,0,0,0,0,0,0,0,0,0,0,0,0,0,0,0,0,0,0,0,0,0,0,0,0,0,0,0,0,0,0,0,0,0,0,0
2020-01-06,0,0,0,0,0,0,0,0,0,0,0,0,0,0,0,0,0,0,0,0,0,0,0,0,0,0,0,0,0,0,0,0,0,0,0,0,0,0,0,0,0,0,0,0,0,0,0,0,0,0,0,0,0,0,0,0,0,0,0,0,0,0,0,0,0,0,0,0,0,0,0,0,0,0,0,0,0,0,0,0,0,0,0,0,0,0,0,0,0,0,0,0,0,0,0,0,0,0,0,0,0,0,0,0,0,0,0,0,0,0,0,0,0,0,0,0,0,0,0,0,0,0,0,0,0,0,0,0,0,0,0,0,0,0,0,0,0,0,0,0,0,0,0,0,0,0,0,0,0,0,0,0,0,0,0,0,0,0,0,0,0,0,0,0,0,0,0,0,0,0,0,0,0,0,0,0,0,0,0,0,0,0,0,0,0,0,0,0,0,0,0,0,0,0,0,0,0,0,0,0,0,0
2020-01-07,0,0,0,0,0,0,0,0,0,0,0,0,0,0,0,0,0,0,0,0,0,0,0,0,0,0,0,0,0,0,0,0,0,0,0,0,0,0,0,0,0,0,0,0,0,0,0,0,0,0,0,0,0,0,0,0,0,0,0,0,0,0,0,0,0,0,0,0,0,0,0,0,0,0,0,0,0,0,0,0,0,0,0,0,0,0,0,0,0,0,0,0,0,0,0,0,0,0,0,0,0,0,0,0,0,0,0,0,0,0,0,0,0,0,0,0,0,0,0,0,0,0,0,0,0,0,0,0,0,0,0,0,0,0,0,0,0,0,0,0,0,0,0,0,0,0,0,0,0,0,0,0,0,0,0,0,0,0,0,0,0,0,0,0,0,0,0,0,0,0,0,0,0,0,0,0,0,0,0,0,0,0,0,0,0,0,0,0,0,0,0,0,0,0,0,0,0,0,0,0,0,0
2020-01-08,0,0,0,0,0,0,0,0,0,0,0,0,0,0,0,0,0,0,0,0,0,0,0,0,0,0,0,0,0,0,0,0,0,0,0,0,0,0,0,0,0,0,0,0,0,0,0,0,0,0,0,0,0,0,0,0,0,0,0,0,0,0,0,0,0,0,0,0,0,0,0,0,0,0,0,0,0,0,0,0,0,0,0,0,0,0,0,0,0,0,0,0,0,0,0,0,0,0,0,0,0,0,0,0,0,0,0,0,0,0,0,0,0,0,0,0,0,0,0,0,0,0,0,0,0,0,0,0,0,0,0,0,0,0,0,0,0,0,0,0,0,0,0,0,0,0,0,0,0,0,0,0,0,0,0,0,0,0,0,0,0,0,0,0,0,0,0,0,0,0,0,0,0,0,0,0,0,0,0,0,0,0,0,0,0,0,0,0,0,0,0,0,0,0,0,0,0,0,0,0,0,0
2020-01-09,0,0,0,0,0,0,0,0,0,0,0,0,0,0,0,0,0,0,0,0,0,0,0,0,0,0,0,0,0,0,0,0,0,0,0,0,0,0,0,0,0,0,0,0,0,0,0,0,0,0,0,0,0,0,0,0,0,0,0,0,0,0,0,0,0,0,0,0,0,0,0,0,0,0,0,0,0,0,0,0,0,0,0,0,0,0,0,0,0,0,0,0,0,0,0,0,0,0,0,0,0,0,0,0,0,0,0,0,0,0,0,0,0,0,0,0,0,0,0,0,0,0,0,0,0,0,0,0,0,0,0,0,0,0,0,0,0,0,0,0,0,0,0,0,0,0,0,0,0,0,0,0,0,0,0,0,0,0,0,0,0,0,0,0,0,0,0,0,0,0,0,0,0,0,0,0,0,0,0,0,0,0,0,0,0,0,0,0,0,0,0,0,0,0,0,0,0,0,0,0,0,0
2020-01-10,0,0,0,0,0,0,0,0,0,0,0,0,0,0,0,0,0,0,0,0,0,0,0,0,0,0,0,0,0,0,0,0,0,0,0,0,0,0,0,0,0,0,0,0,0,0,0,0,0,0,0,0,0,0,0,0,0,0,0,0,0,0,0,0,0,0,0,0,0,0,0,0,0,0,0,0,0,0,0,0,0,0,0,0,0,0,0,0,0,0,0,0,0,0,0,0,0,0,0,0,0,0,0,0,0,0,0,0,0,0,0,0,0,0,0,0,0,0,0,0,0,0,0,0,0,0,0,0,0,0,0,0,0,0,0,0,0,0,0,0,0,0,0,0,0,0,0,0,0,0,0,0,0,0,0,0,0,0,0,0,0,0,0,0,0,0,0,0,0,0,0,0,0,0,0,0,0,0,0,0,0,0,0,0,0,0,0,0,0,0,0,0,0,0,0,0,0,0,0,0,0,0
2020-01-11,0,0,0,0,0,0,0,0,0,0,0,0,0,0,0,0,0,0,0,0,0,0,0,0,0,0,0,0,0,0,0,0,0,0,0,0,0,0,0,0,0,0,0,0,0,0,0,0,0,0,0,0,0,0,0,0,0,0,0,0,0,0,0,0,0,0,0,0,0,0,0,0,0,0,0,0,0,0,0,0,0,0,0,0,0,0,0,0,0,0,0,0,0,0,0,0,0,0,0,0,0,0,0,0,0,0,0,0,0,0,0,0,0,0,0,0,0,0,0,0,0,0,0,0,0,0,0,0,0,0,0,0,0,0,0,0,0,0,0,0,0,0,0,0,0,0,0,0,0,0,0,0,0,0,0,0,0,0,0,0,0,0,0,0,0,0,0,0,0,0,0,0,0,0,0,0,0,0,0,0,0,0,0,0,0,0,0,0,0,0,0,0,0,0,0,0,0,0,0,0,0,0
2020-01-12,0,0,0,0,0,0,0,0,0,0,0,0,0,0,0,0,0,0,0,0,0,0,0,0,0,0,0,0,0,0,0,0,0,0,0,0,0,0,0,0,0,0,0,0,0,0,0,0,0,0,0,0,0,0,0,0,0,0,0,0,0,0,0,0,0,0,0,0,0,0,0,0,0,0,0,0,0,0,0,0,0,0,0,0,0,0,0,0,0,0,0,0,0,0,0,0,0,0,0,0,0,0,0,0,0,0,0,0,0,0,0,0,0,0,0,0,0,0,0,0,0,0,0,0,0,0,0,0,0,0,0,0,0,0,0,0,0,0,0,0,0,0,0,0,0,0,0,0,0,0,0,0,0,0,0,0,0,0,0,0,0,0,0,0,0,0,0,0,0,0,0,0,0,0,0,0,0,0,0,0,0,0,0,0,0,0,0,0,0,0,0,0,0,0,0,0,0,0,0,0,0,0
2020-01-13,0,0,0,0,0,0,0,0,0,0,0,0,0,0,0,0,0,0,0,0,0,0,0,0,0,0,0,0,0,0,0,0,0,0,0,0,0,0,0,0,0,0,0,0,0,0,0,0,0,0,0,0,0,0,0,0,0,0,0,0,0,0,0,0,0,0,0,0,0,0,0,0,0,0,0,0,0,0,0,0,0,0,0,0,0,0,0,0,0,0,0,0,0,0,0,0,0,0,0,0,0,0,0,0,0,0,0,0,0,0,0,0,0,0,0,0,0,0,0,0,0,0,0,0,0,0,0,0,0,0,0,0,0,0,0,0,0,0,0,0,0,0,0,0,0,0,0,0,0,0,0,0,0,0,0,0,0,0,0,0,0,0,0,0,0,0,0,0,0,0,0,0,0,0,0,0,0,0,0,0,0,0,1,0,0,0,0,0,0,0,0,0,0,0,0,0,0,0,0,0,0,0
2020-01-14,0,0,0,0,0,0,0,0,0,0,0,0,0,0,0,0,0,0,0,0,0,0,0,0,0,0,0,0,0,0,0,0,0,0,0,0,0,0,0,0,0,0,0,0,0,0,0,0,0,0,0,0,0,0,0,0,0,0,0,0,0,0,0,0,0,0,0,0,0,0,0,0,0,0,0,0,0,0,0,0,0,0,0,0,0,0,0,0,0,0,0,0,0,0,0,0,0,0,0,0,0,0,0,0,0,0,0,0,0,0,0,0,0,0,0,0,0,0,0,0,0,0,0,0,0,0,0,0,0,0,0,0,0,0,0,0,0,0,0,0,0,0,0,0,0,0,0,0,0,0,0,0,0,0,0,0,0,0,0,0,0,0,0,0,0,0,0,0,0,0,0,0,0,0,0,0,0,0,0,0,0,0,0,0,0,0,0,0,0,0,0,0,0,0,0,0,0,0,0,0,0,0
2020-01-15,0,0,0,0,0,0,0,0,0,0,0,0,0,0,0,0,0,0,0,0,0,0,0,0,0,0,0,0,0,0,0,0,0,0,0,0,0,0,0,0,0,0,0,0,0,0,0,0,0,0,0,0,0,0,0,0,0,0,0,0,0,0,0,0,0,0,0,0,0,0,0,0,0,0,0,0,0,0,0,0,0,0,0,0,0,0,0,0,0,0,0,0,0,0,0,1,0,0,0,0,0,0,0,0,0,0,0,0,0,0,0,0,0,0,0,0,0,0,0,0,0,0,0,0,0,0,0,0,0,0,0,0,0,0,0,0,0,0,0,0,0,0,0,0,0,0,0,0,0,0,0,0,0,0,0,0,0,0,0,0,0,0,0,0,0,0,0,0,0,0,0,0,0,0,0,0,0,0,0,0,0,0,0,0,0,0,0,0,0,0,0,0,0,0,0,0,0,0,0,0,0,0
2020-01-16,0,0,0,0,0,0,0,0,0,0,0,0,0,0,0,0,0,0,0,0,0,0,0,0,0,0,0,0,0,0,0,0,0,0,0,0,0,0,0,0,0,0,0,0,0,0,0,0,0,0,0,0,0,0,0,0,0,0,0,0,0,0,0,0,0,0,0,0,0,0,0,0,0,0,0,0,0,0,0,0,0,0,0,0,0,0,0,0,0,0,0,0,0,0,0,0,0,0,0,0,0,0,0,0,0,0,0,0,0,0,0,0,0,0,0,0,0,0,0,0,0,0,0,0,0,0,0,0,0,0,0,0,0,0,0,0,0,0,0,0,0,0,0,0,0,0,0,0,0,0,0,0,0,0,0,0,0,0,0,0,0,0,0,0,0,0,0,0,0,0,0,0,0,0,0,0,0,0,0,0,0,0,0,0,0,0,0,0,0,0,0,0,0,0,0,0,0,0,0,0,0,0
2020-01-17,0,0,0,0,0,0,0,0,0,0,0,0,0,0,0,0,0,0,0,0,0,0,0,0,0,0,0,0,0,0,0,0,0,0,0,0,0,0,0,16,0,0,0,0,0,0,0,0,0,0,0,0,0,0,0,0,0,0,0,0,0,0,0,0,0,0,0,0,0,0,0,0,0,0,0,0,0,0,0,0,0,0,0,0,0,0,0,0,0,0,0,0,0,0,0,0,0,0,0,0,0,0,0,0,0,0,0,0,0,0,0,0,0,0,0,0,0,0,0,0,0,0,0,0,0,0,0,0,0,0,0,0,0,0,0,0,0,0,0,0,0,0,0,0,0,0,0,0,0,0,0,0,0,0,0,0,0,0,0,0,0,0,0,0,0,0,0,0,0,0,0,0,0,0,0,0,0,0,0,0,0,0,1,0,0,0,0,0,0,0,0,0,0,0,0,0,0,0,0,0,0,0
2020-01-18,0,0,0,0,0,0,0,0,0,0,0,0,0,0,0,0,0,0,0,0,0,0,0,0,0,0,0,0,0,0,0,0,0,0,0,0,0,0,0,289,0,0,0,0,0,0,0,0,0,0,0,0,0,0,0,0,0,0,0,0,0,0,0,0,0,0,0,0,0,0,0,0,0,0,0,0,0,0,0,0,0,0,0,0,0,0,0,0,0,0,0,0,0,0,0,0,0,0,0,0,0,0,0,0,0,0,0,0,0,0,0,0,0,0,0,0,0,0,0,0,0,0,0,0,0,0,0,0,0,0,0,0,0,0,0,0,0,0,0,0,0,0,0,0,0,0,0,0,0,0,0,0,0,0,0,0,0,0,0,0,0,0,0,0,0,0,0,0,0,0,0,0,0,0,0,0,0,0,0,0,0,0,0,0,0,0,0,0,0,0,0,0,0,0,0,0,0,0,0,0,0,0
2020-01-19,0,0,0,0,0,0,0,0,0,0,0,0,0,0,0,0,0,0,0,0,0,0,0,0,0,0,0,0,0,0,0,0,0,0,0,0,0,0,0,18496,0,0,0,0,0,0,0,0,0,0,0,0,0,0,0,0,0,0,0,0,0,0,0,0,0,0,0,0,0,0,0,0,0,0,0,0,0,0,0,0,0,0,0,0,0,0,0,0,0,0,0,0,0,0,0,0,0,0,0,0,0,0,0,0,0,0,0,0,0,0,0,0,0,0,0,0,0,0,0,0,0,0,0,0,0,0,0,0,0,0,0,0,0,0,0,0,0,0,0,0,0,0,0,0,0,0,0,0,0,0,0,0,0,0,0,0,0,0,0,0,0,0,0,0,0,0,0,0,0,0,0,0,0,0,0,0,0,0,0,0,0,0,0,0,0,0,0,0,0,0,0,0,0,0,0,0,0,0,0,0,0,0
2020-01-20,0,0,0,0,0,0,0,0,0,0,0,0,0,0,0,0,0,0,0,0,0,0,0,0,0,0,0,0,0,0,0,0,0,0,0,0,0,0,0,361,0,0,0,0,0,0,0,0,0,0,0,0,0,0,0,0,0,0,0,0,0,0,0,0,0,0,0,0,0,0,0,0,0,0,0,0,0,0,0,0,0,0,0,0,0,0,0,0,0,0,0,0,0,0,0,0,0,0,0,0,0,0,0,0,0,0,0,0,0,0,0,0,0,0,0,0,0,0,0,0,0,0,0,0,0,0,0,0,0,0,0,0,0,0,0,0,0,0,0,0,0,0,0,0,0,0,0,0,0,0,0,0,0,0,0,0,0,0,0,0,0,0,0,0,0,0,0,0,0,0,0,1,0,0,0,0,0,0,0,0,0,0,0,0,0,0,0,0,0,0,0,0,0,0,0,0,0,0,0,0,0,0
2020-01-21,0,0,0,0,0,0,0,0,0,0,0,0,0,0,0,0,0,0,0,0,0,0,0,0,0,0,0,0,0,0,0,0,0,0,0,0,0,0,0,22801,0,0,0,0,0,0,0,0,0,0,0,0,0,0,0,0,0,0,0,0,0,0,0,0,0,0,0,0,0,0,0,0,0,0,0,0,0,0,0,0,0,0,0,0,0,0,0,0,0,0,0,0,0,0,0,0,0,0,0,0,0,0,0,0,0,0,0,0,0,0,0,0,0,0,0,0,0,0,0,0,0,0,0,0,0,0,0,0,0,0,0,0,0,0,0,0,0,0,0,0,0,0,0,0,0,0,0,0,0,0,0,0,0,0,0,0,0,0,0,0,0,0,0,0,0,0,0,0,0,0,0,0,0,0,0,0,0,0,0,0,1,0,0,0,0,0,0,0,0,0,0,0,0,1,0,0,0,0,0,0,0,0
2020-01-22,0,0,0,0,0,0,0,0,0,0,0,0,0,0,0,0,0,0,0,0,0,0,0,0,0,0,0,0,0,0,0,0,0,0,0,0,0,0,0,19600,0,0,0,0,0,0,0,0,0,0,0,0,0,0,0,0,0,0,0,0,0,0,0,0,0,0,0,0,0,0,0,0,0,0,0,0,0,0,0,0,0,0,0,0,0,0,0,0,0,0,0,0,0,0,0,0,0,0,0,0,0,0,0,0,0,0,0,0,0,0,0,0,0,0,0,0,0,0,0,0,0,0,0,0,0,0,0,0,0,0,0,0,0,0,0,0,0,0,0,0,0,0,0,0,0,0,0,0,0,0,0,0,0,0,0,0,0,0,0,0,0,0,0,0,0,0,0,0,0,0,0,0,0,0,0,0,0,0,0,0,0,0,4,0,0,0,0,0,0,0,0,0,0,0,0,0,0,0,0,0,0,0
2020-01-23,0,0,0,0,0,0,0,0,0,0,0,0,0,0,0,0,0,0,0,0,0,0,0,0,0,0,0,0,0,0,0,0,0,0,0,0,0,0,0,9409,0,0,0,0,0,0,0,0,0,0,0,0,0,0,0,0,0,0,0,0,0,0,0,0,0,0,0,0,0,0,0,0,0,0,0,0,0,0,0,0,0,0,0,0,0,0,0,0,0,0,0,0,0,0,0,0,0,0,0,0,0,0,0,0,0,0,0,0,0,0,0,0,0,0,0,0,0,0,0,0,0,0,0,0,0,0,0,0,0,0,0,0,0,0,0,0,0,0,0,0,0,0,0,0,0,0,0,0,0,0,0,0,0,0,0,0,0,0,0,0,0,0,0,0,0,0,0,0,0,0,0,0,0,0,0,0,0,0,0,0,0,0,0,0,0,0,0,0,0,0,0,0,0,0,0,0,0,0,0,0,0,0
2020-01-24,0,0,0,0,0,0,0,0,0,0,0,0,0,0,0,0,0,0,0,0,0,0,0,0,0,0,0,0,0,0,0,0,0,0,0,0,0,0,0,67081,0,0,0,0,0,0,0,0,0,0,0,0,0,0,0,0,0,0,0,0,0,0,0,0,0,0,0,0,0,0,0,0,0,0,0,0,0,0,0,0,0,0,0,0,0,0,0,0,0,0,0,0,0,0,0,1,0,0,0,0,0,0,0,0,0,0,0,0,0,0,0,0,0,0,0,0,0,0,0,0,0,0,0,0,0,0,0,0,0,0,0,0,0,0,0,0,0,0,0,0,0,0,0,0,0,0,0,0,0,0,0,0,0,0,0,0,0,0,0,0,0,0,0,0,0,9,0,0,0,0,0,1,0,0,0,0,0,0,0,0,0,0,0,0,0,0,0,0,0,0,0,0,0,0,0,0,0,0,4,0,0,0
2020-01-25,0,0,0,0,0,0,0,0,0,1,0,0,0,0,0,0,0,0,0,0,0,0,0,0,0,0,0,0,0,0,0,0,0,0,0,0,0,0,0,194481,0,0,0,0,0,0,0,0,0,0,0,0,0,0,0,0,0,0,0,0,0,0,0,0,9,0,0,0,0,0,0,0,0,0,0,0,0,0,0,0,0,0,0,0,0,0,0,0,0,0,0,0,0,0,0,0,0,0,0,0,0,0,0,0,0,0,0,0,0,0,0,0,0,0,9,0,0,0,0,0,0,0,0,0,0,0,0,0,0,0,1,0,0,0,0,0,0,0,0,0,0,0,0,0,0,0,0,0,0,0,0,0,0,0,0,0,0,0,0,0,0,0,0,0,0,0,0,0,0,0,0,0,0,0,0,0,0,0,0,0,4,0,1,0,0,0,0,0,0,0,0,0,0,1,0,0,0,0,0,0,0,0
2020-01-26,0,0,0,0,0,0,0,0,0,9,0,0,0,0,0,0,0,0,0,0,0,0,0,0,0,0,0,0,0,0,0,0,0,1,0,0,0,0,0,442225,0,0,0,0,0,0,0,0,0,0,0,0,0,0,0,0,0,0,0,0,0,0,0,0,0,0,0,0,0,0,0,0,0,0,0,0,0,0,0,0,0,0,0,0,0,0,0,0,0,0,0,0,0,0,0,1,0,0,0,0,0,0,0,0,0,0,0,0,0,0,0,0,0,0,1,0,0,0,0,0,0,0,0,0,0,0,0,0,0,0,0,0,0,0,0,0,0,0,0,0,0,0,0,0,0,0,0,0,0,0,0,0,0,0,0,0,0,0,0,0,0,0,0,0,0,1,0,0,0,0,0,1,0,0,0,0,0,0,0,0,0,0,0,0,0,0,0,0,0,0,0,0,0,0,0,0,0,0,0,0,0,0
2020-01-27,0,0,0,0,0,0,0,0,0,0,0,0,0,0,0,0,0,0,0,0,0,0,0,0,0,0,0,0,0,0,0,0,0,0,0,0,0,0,0,619369,0,0,0,0,0,0,0,0,0,0,0,0,0,0,0,0,0,0,0,0,0,0,0,0,0,0,0,0,0,0,0,0,0,0,0,0,0,0,0,0,0,0,0,0,0,0,0,0,0,0,0,0,0,0,0,0,0,0,0,0,0,0,0,0,0,0,0,0,0,0,0,0,0,0,0,0,0,0,0,0,0,0,0,0,0,0,0,0,0,0,0,0,0,0,0,0,0,0,0,0,0,0,0,0,0,0,0,0,0,0,0,0,0,0,0,0,0,0,0,0,0,0,0,0,0,0,0,0,0,0,0,1,0,0,0,0,0,0,0,0,4,0,9,0,0,0,0,0,0,0,1,0,0,9,0,0,0,0,0,0,0,0
2020-01-28,0,0,0,0,0,0,0,0,0,0,0,0,0,0,0,0,0,0,0,0,0,0,0,0,0,0,0,0,0,0,0,1,0,1,0,0,0,0,0,3073009,0,0,0,0,0,0,0,0,0,0,0,0,0,0,0,0,0,0,0,0,0,0,0,0,0,0,0,0,0,1,0,0,0,0,0,0,0,0,0,0,0,0,0,0,0,0,0,0,0,0,0,0,0,0,0,1,0,0,0,0,0,0,0,0,0,0,0,0,0,0,0,0,0,0,0,0,0,0,0,0,0,0,0,0,0,0,0,0,0,0,0,0,0,0,0,0,0,0,0,0,0,0,0,0,0,0,0,0,0,0,0,0,0,0,0,0,0,0,0,0,0,0,0,0,0,1,0,0,0,0,0,0,0,0,1,0,0,0,0,0,4,0,36,0,0,0,0,0,0,0,0,0,0,0,0,0,0,0,0,0,0,0
2020-01-29,0,0,0,0,0,0,0,0,0,0,0,0,0,0,0,0,0,0,0,0,0,0,0,0,0,0,0,0,0,0,0,0,0,1,0,0,0,0,0,2149156,0,0,0,0,0,0,0,0,0,0,0,0,0,0,0,0,0,0,0,0,0,0,0,0,1,0,0,0,0,9,0,0,0,0,0,0,0,0,0,0,0,0,0,0,0,0,0,0,0,0,0,0,0,0,0,9,0,0,0,0,0,0,0,0,0,0,0,0,0,0,0,0,0,0,9,0,0,0,0,0,0,0,0,0,0,0,0,0,0,0,0,0,0,0,0,0,0,0,0,0,0,0,0,0,0,0,0,0,0,0,0,0,0,0,0,0,0,0,0,0,0,0,0,0,0,4,0,0,0,0,0,0,0,0,0,0,0,0,0,0,1,0,0,0,0,0,0,0,0,0,0,0,0,0,0,0,0,0,0,0,0,0
2020-01-30,0,0,0,0,0,0,0,0,0,4,0,0,0,0,0,0,0,0,0,0,0,0,0,0,0,0,0,0,0,0,0,0,0,0,0,0,0,0,0,3027600,0,0,0,0,0,0,0,0,0,0,0,0,0,0,0,0,0,0,0,0,0,0,0,1,1,0,0,0,0,0,0,0,0,0,0,0,0,0,0,0,0,0,0,0,0,0,1,0,0,0,0,0,0,0,0,16,0,0,0,0,0,0,0,0,0,0,0,0,0,0,0,0,0,0,0,0,0,0,0,0,0,0,0,0,0,0,0,0,0,0,0,0,0,0,0,0,0,0,0,0,0,0,0,0,0,0,0,1,0,0,0,0,0,0,0,0,0,0,0,0,0,0,0,0,0,9,0,0,0,0,0,0,0,0,0,0,0,0,0,0,0,0,0,0,0,0,0,0,0,0,9,0,0,0,0,0,0,0,0,0,0,0
2020-01-31,0,0,0,0,0,0,0,0,0,1,0,0,0,0,0,0,0,0,0,0,0,0,0,0,0,0,0,0,0,0,0,0,0,0,0,0,0,0,0,3920400,0,0,0,0,0,0,0,0,0,0,0,0,0,0,0,0,0,0,0,0,0,0,0,0,1,0,0,0,0,1,0,0,0,0,0,0,0,0,0,0,0,0,0,0,0,0,0,0,0,0,0,0,0,9,0,9,0,0,0,0,0,0,0,0,0,0,0,0,0,0,0,0,0,0,1,0,0,0,0,0,0,0,0,0,0,0,0,0,0,0,0,0,0,0,0,0,0,0,0,0,0,0,0,0,0,0,0,0,0,0,0,0,0,0,0,0,0,0,0,0,0,0,0,0,0,9,0,0,0,0,0,9,0,0,0,0,0,0,0,0,1,0,0,0,0,0,0,0,0,0,0,4,0,1,0,0,0,0,9,0,0,0
2020-02-01,0,0,0,0,0,0,0,0,0,4,0,0,0,0,0,0,0,0,0,0,0,0,0,0,0,0,0,0,0,0,0,0,0,1,0,0,0,0,0,4389025,0,0,0,0,0,0,0,0,0,0,0,0,0,0,0,0,0,0,0,0,0,0,0,0,0,0,0,0,0,4,0,0,0,0,0,0,0,0,0,0,0,0,0,0,0,0,0,0,0,0,0,0,0,0,0,1,0,0,0,0,0,0,0,0,0,0,0,0,0,0,0,0,0,0,0,0,0,0,0,0,0,0,0,0,0,0,0,0,0,0,0,0,0,0,0,0,0,0,0,0,0,0,0,0,0,0,0,0,0,0,0,0,0,4,0,0,0,0,0,0,0,0,0,0,0,9,0,0,0,0,0,25,0,1,0,0,0,1,0,0,1,0,25,0,0,0,0,0,0,0,0,0,0,1,0,0,0,0,0,0,0,0
2020-02-02,0,0,0,0,0,0,0,0,0,4,0,0,0,0,0,0,0,0,0,0,0,0,0,0,0,0,0,0,0,0,0,0,0,0,0,0,0,0,0,6708100,0,0,0,0,0,0,0,0,0,0,0,0,0,0,0,0,0,0,0,0,0,0,0,0,0,0,0,0,0,1,0,0,0,0,0,0,0,0,0,0,0,0,0,0,0,0,1,0,0,0,0,0,0,0,0,16,0,0,0,0,0,0,0,0,0,0,0,0,0,0,0,0,0,0,0,0,0,0,0,0,0,0,0,0,0,0,0,0,0,0,0,0,0,0,0,0,0,0,0,0,0,0,0,0,0,0,0,1,0,0,0,0,0,0,0,0,0,0,0,0,0,0,0,0,0,4,0,0,0,0,0,9,0,0,0,0,0,0,0,0,0,0,0,0,0,0,0,0,0,0,1,0,0,1,0,0,0,0,4,0,0,0
2020-02-03,0,0,0,0,0,0,0,0,0,0,0,0,0,0,0,0,0,0,0,0,0,0,0,0,0,0,0,0,0,0,0,0,0,0,0,0,0,0,0,7907344,0,0,0,0,0,0,0,0,0,0,0,0,0,0,0,0,0,0,0,0,0,0,0,0,0,0,0,0,0,1,0,0,0,0,0,0,0,0,0,0,0,0,0,0,0,0,0,0,0,0,0,0,0,0,0,1,0,0,0,0,0,0,0,0,0,0,0,0,0,0,0,0,0,0,0,0,0,0,0,0,0,0,0,0,0,0,0,0,0,0,0,0,0,0,0,0,0,0,0,0,0,0,0,0,0,0,0,0,0,0,0,0,0,0,0,0,0,0,0,0,0,0,0,0,0,0,0,0,0,0,0,0,0,0,0,0,0,0,0,0,0,0,0,0,0,0,0,0,0,0,0,0,0,9,0,0,0,0,1,0,0,0
2020-02-04,0,0,0,0,0,0,0,0,0,0,0,0,0,0,0,0,0,1,0,0,0,0,0,0,0,0,0,0,0,0,0,0,0,0,0,0,0,0,0,10478169,0,0,0,0,0,0,0,0,0,0,0,0,0,0,0,0,0,0,0,0,0,0,0,0,0,0,0,0,0,4,0,0,0,0,0,0,0,0,0,0,0,0,0,0,0,0,1,0,0,0,0,0,0,0,0,0,0,0,0,0,0,0,0,0,0,0,0,0,0,0,0,0,0,0,0,0,0,0,0,0,0,0,0,0,0,0,0,0,0,0,0,0,0,0,0,0,0,0,0,0,0,0,0,0,0,0,0,0,0,0,0,0,0,0,0,0,0,0,0,0,0,0,0,0,0,0,0,0,0,0,0,1,0,0,0,0,0,0,0,0,0,0,0,0,0,0,0,0,0,0,0,0,0,0,0,0,0,0,1,0,0,0
2020-02-05,0,0,0,0,0,0,0,0,0,1,0,0,0,0,0,0,0,0,0,0,0,0,0,0,0,0,0,0,0,0,0,0,0,1,0,0,0,0,0,14992384,0,0,0,0,0,0,0,0,0,0,0,0,0,0,0,0,0,0,0,0,0,0,0,0,0,0,0,0,0,0,0,0,0,0,0,0,0,0,0,0,0,0,0,0,0,0,0,0,0,0,0,0,0,0,0,25,0,0,0,0,0,0,0,0,0,0,0,0,0,0,0,0,0,0,4,0,0,0,0,0,0,0,0,0,0,0,0,0,0,0,0,0,0,0,0,0,0,0,0,0,0,0,0,0,0,0,0,0,0,0,0,0,0,0,0,0,0,0,0,0,0,0,0,0,0,36,0,0,0,0,0,4,0,0,0,0,0,0,0,0,1,0,36,0,0,0,0,0,0,0,0,0,0,0,0,0,0,0,1,0,0,0
2020-02-06,0,0,0,0,0,0,0,0,0,1,0,0,0,0,0,0,0,0,0,0,0,0,0,0,0,0,0,0,0,0,0,0,0,0,0,0,0,0,0,13890529,0,0,0,0,0,0,0,0,0,0,0,0,0,0,0,0,0,0,0,0,0,0,0,0,0,0,0,0,0,0,0,0,0,0,0,0,0,0,0,0,0,0,0,0,0,0,0,0,0,0,0,0,0,0,0,0,0,0,0,0,0,0,0,0,0,0,0,0,0,0,0,0,0,0,4,0,0,0,0,0,0,0,0,0,0,0,0,0,0,0,0,0,0,0,0,0,0,0,0,0,0,0,0,0,0,0,0,1,0,0,0,0,0,0,0,0,0,0,0,0,0,0,0,0,0,16,0,0,0,0,0,25,0,0,0,0,0,0,0,0,0,0,0,0,0,0,0,0,0,0,0,0,0,1,0,0,0,0,0,0,0,0
2020-02-07,0,0,0,0,0,0,0,0,0,1,0,0,0,0,0,0,0,0,0,0,0,0,0,0,0,0,0,0,0,0,0,0,0,4,0,0,0,0,0,9985600,0,0,0,0,0,0,0,0,0,0,0,0,0,0,0,0,0,0,0,0,0,0,0,0,0,0,0,0,0,1,0,0,0,0,0,0,0,0,0,0,0,0,0,0,0,0,0,0,0,0,0,0,0,0,0,0,0,0,0,0,0,0,0,0,0,0,0,0,0,0,0,0,0,0,4,0,0,0,0,0,0,0,0,0,0,0,0,0,0,0,0,0,0,0,0,0,0,0,0,0,0,0,0,0,0,0,0,0,0,0,0,0,0,0,0,0,0,0,0,0,0,0,0,0,0,4,0,0,0,0,0,1,0,0,0,0,0,0,0,0,25,0,0,0,0,0,0,0,0,0,0,1,0,0,0,0,0,0,4,0,0,0
2020-02-08,0,0,0,0,0,0,0,0,0,0,0,0,0,0,0,0,0,0,0,0,0,0,0,0,0,0,0,0,0,0,0,0,0,0,0,0,0,0,0,11682724,0,0,0,0,0,0,0,0,0,0,0,0,0,0,0,0,0,0,0,0,0,0,0,0,25,0,0,0,0,1,0,0,0,0,0,0,0,0,0,0,0,0,0,0,0,0,0,0,0,0,0,0,0,0,0,0,0,0,0,0,0,0,0,0,0,0,0,0,0,0,0,0,0,0,1,0,0,0,0,0,0,0,0,0,0,0,0,0,0,0,0,0,0,0,0,0,0,0,0,0,0,0,0,0,0,0,0,0,0,0,0,0,0,0,0,0,0,0,0,0,0,0,0,0,0,9,0,0,0,0,0,0,0,0,0,0,0,0,0,0,1,0,49,0,0,0,0,0,0,0,4,0,0,0,0,0,0,0,1,0,0,0
2020-02-09,0,0,0,0,0,0,0,0,0,0,0,0,0,0,0,0,0,0,0,0,0,0,0,0,0,0,0,0,0,0,0,0,0,0,0,0,0,0,0,6796449,0,0,0,0,0,0,0,0,0,0,0,0,0,0,0,0,0,0,0,0,0,0,0,0,0,0,0,0,0,0,0,0,0,0,0,0,0,0,0,0,0,0,0,0,0,0,0,0,0,0,0,0,0,0,0,0,0,0,0,0,0,0,0,0,0,0,0,0,0,0,0,0,0,0,1,0,0,0,0,0,0,0,0,0,0,0,0,0,0,0,0,0,0,0,0,0,0,0,0,0,0,0,0,0,0,0,0,0,0,0,0,0,0,0,0,0,0,0,0,0,0,0,0,0,0,49,0,0,0,0,0,1,0,0,0,0,0,0,0,0,1,0,0,0,0,0,0,0,0,0,0,1,0,0,0,0,0,0,1,0,0,0
2020-02-10,0,0,0,0,0,0,0,0,0,0,0,0,0,0,0,0,0,0,0,0,0,0,0,0,0,0,0,0,0,0,0,0,0,0,0,0,0,0,0,8844676,0,0,0,0,0,0,0,0,0,0,0,0,0,0,0,0,0,0,0,0,0,0,0,0,0,0,0,0,0,0,0,0,0,0,0,0,0,0,0,0,0,0,0,0,0,0,0,0,0,0,0,0,0,0,0,0,0,0,0,0,0,0,0,0,0,0,0,0,0,0,0,0,0,0,4,0,0,0,0,0,0,0,0,0,0,0,0,0,0,0,0,0,0,0,0,0,0,0,0,0,0,0,0,0,0,0,0,0,0,0,0,0,0,0,0,0,0,0,0,0,0,0,0,0,0,9,0,0,0,0,0,4,0,1,0,0,0,0,0,0,0,0,0,0,0,0,0,0,0,0,0,0,0,0,0,0,0,0,0,0,0,0
2020-02-11,0,0,0,0,0,0,0,0,0,0,0,0,0,0,0,0,0,0,0,0,0,0,0,0,0,0,0,0,0,0,0,0,0,0,0,0,0,0,0,6200100,0,0,0,0,0,0,0,0,0,0,0,0,0,0,0,0,0,0,0,0,0,0,0,0,0,0,0,0,0,0,0,0,0,0,0,0,0,0,0,0,0,0,0,0,0,0,0,0,0,0,0,0,0,0,0,0,0,0,0,0,0,0,0,0,0,0,0,0,0,0,0,0,0,0,0,0,0,0,0,0,0,0,0,0,0,0,0,0,0,0,0,0,0,0,0,0,0,0,0,0,0,0,0,0,0,0,0,0,0,0,0,0,0,0,0,0,0,0,0,0,0,0,0,0,0,4,0,0,0,0,0,1,0,0,0,0,0,0,0,0,0,0,0,0,0,0,0,0,0,0,1,16,0,1,0,0,0,0,1,0,0,0
2020-02-12,0,0,0,0,0,0,0,0,0,0,0,0,0,0,0,0,0,0,0,0,0,0,0,0,0,0,0,0,0,0,0,0,0,0,0,0,0,0,0,4112784,0,0,0,0,0,0,0,0,0,0,0,0,0,0,0,0,0,0,0,0,0,0,0,0,0,0,0,0,0,4,0,0,0,0,0,0,0,0,0,0,0,0,0,0,0,0,0,0,0,0,0,0,0,0,0,0,0,0,0,0,0,0,0,0,0,0,0,0,0,0,0,0,0,0,0,0,0,0,0,0,0,0,0,0,0,0,0,0,0,0,0,0,0,0,0,0,0,0,0,0,0,0,0,0,0,0,0,0,0,0,0,0,0,0,0,0,0,0,0,0,0,0,0,0,0,4,0,0,0,0,0,0,0,0,0,0,0,0,0,0,0,0,1,0,0,0,0,0,0,0,0,0,0,0,0,0,0,0,0,0,0,0
2020-02-13,0,0,0,0,0,0,0,0,0,0,0,0,0,0,0,0,0,0,0,0,0,0,0,0,0,0,0,0,0,0,0,0,0,0,0,0,0,0,0,229249881,0,0,0,0,0,0,0,0,0,0,0,0,0,0,0,0,0,0,0,0,0,0,0,0,0,0,0,0,0,0,0,0,0,0,0,0,0,0,0,0,0,0,0,0,0,0,0,0,0,0,0,0,0,0,0,16,0,0,0,0,0,0,0,0,0,0,0,0,0,0,0,0,0,0,0,0,0,0,0,0,0,0,0,0,0,0,0,0,0,0,0,0,0,0,0,0,0,0,0,0,0,0,0,0,0,0,0,0,0,0,0,0,0,0,0,0,0,0,0,0,0,0,0,0,0,9,0,0,0,0,0,0,0,0,0,0,0,0,0,0,0,0,0,0,0,0,0,0,0,0,0,1,0,1,0,0,0,0,1,0,0,0
2020-02-14,0,0,0,0,0,0,0,0,0,1,0,0,0,0,0,0,0,0,0,0,0,0,0,0,0,0,0,0,0,0,0,0,0,0,0,0,0,0,0,17272336,0,0,0,0,0,0,0,0,0,0,0,0,0,0,0,0,0,0,0,0,0,0,0,0,0,0,0,0,0,0,0,0,0,0,0,0,0,0,0,0,0,0,0,0,0,0,0,0,0,0,0,0,0,0,0,1,0,0,0,0,0,0,0,0,0,0,0,0,0,0,0,0,0,0,1,0,0,0,0,0,0,0,0,0,0,0,0,0,0,0,0,0,0,0,0,0,0,0,0,0,0,0,0,0,0,0,0,0,0,0,0,0,0,0,0,0,0,0,0,0,0,0,0,0,0,64,0,0,0,0,0,0,0,0,0,0,0,0,0,0,0,0,0,0,0,0,0,0,0,0,0,0,0,1,0,0,0,0,0,0,0,0
2020-02-15,0,0,0,0,0,0,0,0,0,0,0,0,0,0,0,0,0,0,0,0,0,0,0,0,0,0,0,0,0,0,0,0,0,1,0,0,0,0,0,6441444,0,0,0,0,0,0,0,0,0,0,0,0,0,0,0,1,0,0,0,0,0,0,0,0,0,0,0,0,0,0,0,0,0,0,0,0,0,0,0,0,0,0,0,0,0,0,0,0,0,0,0,0,0,0,0,64,0,0,0,0,0,0,0,0,0,0,0,0,0,0,0,0,0,0,4,0,0,0,0,0,0,0,0,0,0,0,0,0,0,0,0,0,0,0,0,0,0,0,0,0,0,0,0,0,0,0,0,0,0,0,0,0,0,0,0,0,0,0,0,0,0,0,0,0,0,81,0,0,0,0,0,0,0,0,0,0,0,0,0,0,0,0,1,0,0,0,0,0,0,0,0,0,0,0,0,0,0,0,0,0,0,0
2020-02-16,0,0,0,0,0,0,0,0,0,0,0,0,0,0,0,0,0,0,0,0,0,0,0,0,0,0,0,0,0,0,0,0,0,0,0,0,0,0,0,4028049,0,0,0,0,0,0,0,0,0,0,0,0,0,0,0,0,0,0,0,0,0,0,0,0,0,0,0,0,0,0,0,0,0,0,0,0,0,0,0,0,0,0,0,0,0,0,0,0,0,0,0,0,0,0,0,196,0,0,0,0,0,0,0,0,0,0,0,0,0,0,0,0,0,0,1,0,0,0,0,0,0,0,0,0,0,0,0,0,0,0,0,0,0,0,0,0,0,0,0,0,0,0,0,0,0,0,0,0,0,0,0,0,0,0,0,0,0,0,0,0,0,0,0,0,0,25,0,0,0,0,0,1,0,0,0,0,0,0,0,0,0,0,0,0,0,0,0,0,0,0,0,0,0,0,0,0,0,0,0,0,0,0
2020-02-17,0,0,0,0,0,0,0,0,0,0,0,0,0,0,0,0,0,0,0,0,0,0,0,0,0,0,0,0,0,0,0,0,0,0,0,0,0,0,0,4210704,0,0,0,0,0,0,0,0,0,0,0,0,0,0,0,0,0,0,0,0,0,0,0,0,1,0,0,0,0,0,0,0,0,0,0,0,0,0,0,0,0,0,0,0,0,0,0,0,0,0,0,0,0,0,0,49,0,0,0,0,0,0,0,0,0,0,0,0,0,0,0,0,0,0,0,0,0,0,0,0,0,0,0,0,0,0,0,0,0,0,0,0,0,0,0,0,0,0,0,0,0,0,0,0,0,0,0,0,0,0,0,0,0,0,0,0,0,0,0,0,0,0,0,0,0,9,0,0,0,0,0,1,0,0,0,0,0,0,0,0,4,0,0,0,0,0,0,0,0,0,1,0,0,0,0,0,0,0,0,0,0,0
2020-02-18,0,0,0,0,0,0,0,0,0,0,0,0,0,0,0,0,0,0,0,0,0,0,0,0,0,0,0,0,0,0,0,0,0,0,0,0,0,0,0,3572100,0,0,0,0,0,0,0,0,0,0,0,0,0,0,0,0,0,0,0,0,0,0,0,0,0,0,0,0,0,0,0,0,0,0,0,0,0,0,0,0,0,0,0,0,0,0,0,0,0,0,0,0,0,0,0,0,0,0,0,0,0,0,0,0,0,0,0,0,0,0,0,0,0,0,0,0,0,0,0,0,0,0,0,0,0,0,0,0,0,0,0,0,0,0,0,0,0,0,0,0,0,0,0,0,0,0,0,0,0,0,0,0,0,0,0,0,0,0,0,0,0,0,0,0,0,4,0,0,0,0,0,1,0,0,0,0,0,0,0,0,4,0,1,0,0,0,0,0,0,0,0,0,0,0,0,0,0,0,0,0,0,0
2020-02-19,0,0,0,0,0,0,0,0,0,0,0,0,0,0,0,0,0,0,0,0,0,0,0,0,0,0,0,0,0,0,0,0,0,0,0,0,0,0,0,3062500,0,0,0,0,0,0,0,0,0,0,0,0,0,0,0,0,0,0,0,0,0,0,0,0,0,0,0,0,0,0,0,0,0,0,0,0,0,0,0,0,0,0,0,0,0,0,0,0,0,0,0,0,0,0,0,49,0,0,0,0,0,0,0,0,0,0,0,0,0,0,0,0,0,0,0,0,0,0,0,0,0,0,0,0,0,0,0,0,0,0,0,0,0,0,0,0,0,0,0,0,0,0,0,0,0,0,0,0,0,0,0,0,0,0,0,0,0,0,0,0,0,0,0,0,0,16,0,0,0,0,0,225,0,0,0,0,0,0,0,0,0,0,0,0,0,0,0,0,0,0,0,0,0,0,0,0,0,0,0,0,0,0
2020-02-20,0,0,0,0,0,0,0,0,0,0,0,0,0,0,0,0,0,0,0,0,0,0,0,0,0,0,0,0,0,0,0,0,0,0,0,0,0,0,0,155236,0,0,0,0,0,0,0,0,0,0,0,0,0,0,0,0,0,0,0,0,0,0,0,0,0,0,0,0,0,0,0,0,0,0,0,0,0,0,0,0,0,0,0,0,0,0,0,0,4,0,0,0,0,0,0,324,0,0,0,0,0,0,0,0,0,0,0,0,0,0,0,0,0,0,0,0,0,0,0,0,0,0,0,0,0,0,0,0,0,0,0,0,0,0,0,0,0,0,0,0,0,0,0,0,0,0,0,0,0,0,0,0,0,0,0,0,0,0,0,0,0,0,0,0,0,9,0,0,0,0,0,1156,0,0,0,0,0,0,0,0,4,0,0,0,0,0,0,0,0,0,0,0,0,0,0,0,0,0,0,0,0,0
2020-02-21,0,0,0,0,0,0,0,0,0,4,0,0,0,0,0,0,0,0,0,0,0,0,0,0,0,0,0,0,0,0,0,0,0,1,0,0,0,0,0,793881,0,0,0,0,0,0,0,0,0,0,0,0,0,0,0,0,0,0,0,0,0,0,0,0,0,0,0,0,0,0,0,0,0,0,0,0,0,0,0,0,0,0,0,0,0,0,0,0,9,0,0,0,0,0,0,81,0,0,0,0,0,0,0,0,0,0,0,0,0,0,0,0,0,0,0,0,0,0,0,0,0,0,0,0,0,0,0,0,0,0,0,0,0,0,0,0,0,0,0,0,0,0,0,0,0,0,0,0,0,0,0,0,0,0,0,0,0,0,0,0,0,0,0,0,0,1,0,0,0,0,0,5625,0,0,0,0,0,0,0,0,0,0,0,0,0,0,0,0,0,0,0,0,0,1,0,0,0,0,0,0,0,0
2020-02-22,0,0,0,0,0,0,0,0,0,16,0,0,0,0,0,0,0,0,0,0,0,0,0,0,0,0,0,0,0,0,0,0,0,0,0,0,0,0,0,682276,0,0,0,0,0,0,0,0,0,0,0,0,0,0,0,0,0,0,0,0,0,0,0,0,0,0,0,0,0,0,0,0,0,0,0,0,0,0,0,0,0,0,0,0,0,0,0,0,169,0,0,0,1,196,0,144,0,0,0,0,0,0,0,0,0,1,0,0,0,0,0,0,0,0,0,0,0,0,0,0,0,0,0,0,0,0,0,0,0,0,0,0,0,0,0,0,0,0,0,0,0,0,0,0,0,0,0,0,0,0,0,0,0,0,0,0,0,0,0,0,0,0,0,0,0,1,0,0,0,0,0,36100,0,0,0,0,0,0,0,0,4,0,0,0,0,0,0,0,0,0,4,0,0,361,0,0,0,0,0,0,0,0
2020-02-23,0,0,0,0,0,0,0,0,0,1,0,0,0,0,0,0,0,0,0,0,0,0,0,0,0,0,0,0,0,0,0,0,0,0,0,0,0,0,0,418609,0,0,0,0,0,0,0,0,0,0,0,0,0,0,0,0,0,0,0,0,0,0,0,0,0,0,0,0,0,0,0,0,0,0,0,0,0,0,0,0,0,0,0,0,0,0,0,0,100,0,0,0,0,3844,0,729,0,0,0,0,0,0,0,0,0,0,0,0,0,0,0,0,0,0,0,0,0,0,0,0,0,0,0,0,0,0,0,0,0,0,0,0,0,0,0,0,0,0,0,0,0,0,0,0,0,0,0,0,0,0,0,0,0,0,0,0,0,0,0,0,0,0,0,0,0,9,0,0,0,0,0,65536,0,0,0,0,0,0,0,0,0,0,0,0,0,0,0,0,0,0,4,0,0,0,0,0,0,0,0,0,0,0
2020-02-24,0,0,0,0,0,0,0,0,0,0,0,0,0,1,0,0,0,0,0,0,0,0,0,0,0,0,0,0,0,0,0,0,0,0,0,0,0,0,0,47524,0,0,0,0,0,0,0,0,0,0,0,0,0,0,0,0,0,0,0,0,0,0,0,0,0,0,0,0,0,0,0,0,0,0,0,0,0,0,0,0,0,0,0,0,0,0,0,0,225,0,0,0,1,2809,0,144,0,0,0,0,0,9,0,0,0,0,0,0,0,0,0,0,0,0,0,0,0,0,0,0,0,0,0,0,0,0,0,0,0,0,0,0,0,0,0,0,0,0,0,0,0,0,0,0,0,0,0,0,0,0,0,0,0,0,0,0,0,0,0,0,0,0,0,0,0,0,0,0,0,0,0,25921,0,0,0,0,0,0,0,0,4,0,0,0,0,0,0,0,0,0,0,16,0,0,0,0,0,0,0,0,0,0
2020-02-25,1,0,0,0,0,0,0,0,0,0,0,0,0,1,0,0,0,0,0,0,0,0,0,0,0,0,0,0,0,0,0,0,0,4,0,0,0,0,0,265225,0,0,0,0,0,0,0,0,0,0,0,0,0,0,0,0,0,0,0,0,0,0,0,0,0,0,0,0,0,0,0,0,0,0,0,0,0,0,0,0,0,0,0,0,0,0,0,0,324,1,0,0,0,9409,0,0,0,0,0,0,0,4,0,0,0,0,0,0,0,0,0,0,0,0,0,0,0,0,0,0,0,0,0,0,0,0,0,0,0,0,0,0,0,0,0,0,0,0,0,0,4,0,0,0,0,0,0,0,0,0,0,0,0,0,0,0,0,0,0,0,0,0,0,0,0,1,0,0,0,0,0,16900,0,1,0,0,0,0,0,0,4,0,4,0,0,0,0,0,0,0,0,0,0,324,0,0,0,0,0,0,0,0
2020-02-26,0,0,1,0,0,0,0,0,0,0,4,0,0,441,0,0,0,0,0,0,0,0,0,0,0,1,0,0,0,0,0,0,0,0,0,0,0,0,0,168100,0,0,0,0,0,1,0,0,0,0,0,0,0,0,0,0,0,0,0,0,0,0,0,0,4,0,0,0,0,4,0,0,0,0,0,0,0,0,0,0,0,0,0,0,0,0,0,0,1156,16,0,0,0,8649,0,400,0,0,0,0,0,36,0,0,0,0,0,0,0,0,0,0,0,0,0,0,0,0,0,0,0,0,0,0,0,0,0,0,0,0,0,0,0,0,0,0,0,0,0,0,4,0,0,0,0,0,0,0,0,0,0,0,0,0,0,0,0,0,0,0,0,0,0,0,0,1,0,0,0,0,0,64516,0,36,0,0,0,0,1,0,1,0,9,0,0,0,0,0,0,0,0,0,0,0,0,0,0,0,0,0,0,0
2020-02-27,0,0,0,0,0,0,0,0,0,1,0,0,0,100,0,0,0,0,0,0,0,0,0,0,0,0,0,0,0,0,0,0,0,1,0,0,0,0,0,192721,0,0,0,0,0,1,0,0,0,0,1,0,0,0,0,0,0,0,0,0,0,0,0,1,9,0,0,0,1,16,0,0,1,0,0,0,0,0,0,0,0,0,0,0,0,0,0,0,1936,0,0,0,0,6084,0,484,0,0,0,0,0,225,0,0,0,1,0,0,0,0,0,0,0,0,0,0,0,0,0,0,0,0,0,0,0,0,0,0,0,0,0,0,0,0,0,0,0,1,0,1,0,4,0,0,0,0,0,0,0,0,0,0,1,0,0,0,0,0,0,0,0,0,0,0,0,4,0,0,0,0,0,201601,0,64,0,0,0,1,0,0,1,0,0,0,0,0,0,0,0,0,0,0,0,36,0,0,0,0,0,0,0,0
2020-02-28,0,0,0,0,0,0,0,0,0,0,9,0,0,0,0,0,1,0,0,0,0,0,0,0,0,0,0,0,0,0,0,0,0,4,0,0,0,0,0,108241,0,0,0,0,0,1,0,0,0,0,0,0,0,0,0,0,0,0,1,0,0,0,0,0,441,0,0,0,0,676,0,0,4,0,0,0,0,0,0,0,0,0,0,0,0,0,0,0,11236,1,0,0,1,62500,0,576,0,0,0,0,0,289,0,0,0,1,0,0,0,0,1,0,0,0,1,0,0,0,0,0,0,0,0,0,0,0,0,0,0,0,0,1,0,1,0,0,1,0,0,9,4,0,0,0,0,0,0,0,0,0,0,0,0,0,0,0,0,0,1,0,0,0,0,0,0,9,0,0,0,0,0,182329,0,324,0,0,0,25,49,0,4,0,0,0,0,0,0,0,0,0,36,9,0,1,0,0,0,0,0,0,0,0
2020-02-29,0,0,0,0,0,0,0,0,0,4,4,1,0,25,0,0,0,0,0,0,0,0,0,0,0,0,0,0,0,0,0,0,0,4,0,0,0,0,0,183184,0,0,0,0,0,4,0,0,0,0,1,0,0,0,0,0,0,0,0,0,0,0,0,1,361,0,0,0,1,100,0,0,1,0,0,0,0,0,0,0,0,0,0,0,0,1,0,0,20449,1,0,0,16,56644,0,400,0,0,0,0,0,4,0,0,0,0,0,0,0,0,0,0,0,0,4,0,0,0,0,0,4,0,1,0,0,0,0,0,0,0,0,1,0,0,0,0,0,0,0,4,0,0,0,0,0,0,0,0,0,0,0,0,4,0,0,0,0,0,0,0,0,0,0,0,0,4,0,0,0,0,0,826281,0,361,0,0,0,25,16,0,25,0,4,0,0,0,0,0,0,0,0,4,0,36,0,0,0,0,0,0,0,0
2020-03-01,0,0,4,0,0,0,0,1,0,1,9,0,0,9,0,0,0,0,0,0,0,0,0,0,0,1,0,0,0,0,0,0,0,16,0,0,0,0,0,329476,0,0,0,0,0,0,0,0,0,0,1,0,0,0,1,0,0,0,0,0,0,0,0,0,1849,0,0,0,1,2916,0,0,9,0,0,0,0,0,0,0,0,0,0,0,0,0,0,0,42025,36,1,0,0,57600,0,81,0,0,0,0,0,0,0,0,0,1,0,0,0,0,0,1,0,0,0,0,0,0,0,0,4,0,0,0,0,0,0,0,0,0,0,25,0,0,0,0,0,0,0,81,0,4,0,0,0,0,0,0,0,0,0,1,0,0,0,0,0,0,0,0,0,0,0,0,0,16,0,0,0,0,0,354025,0,784,0,0,0,1,36,0,1,0,0,0,0,0,0,0,0,0,4,25,0,9,0,0,0,0,0,0,0,0
2020-03-02,0,0,0,0,0,0,0,0,0,9,16,4,0,36,0,0,0,1,0,0,0,0,0,0,0,0,0,0,0,0,0,0,0,16,0,0,0,0,0,42025,0,0,0,0,0,4,0,0,9,0,1,0,0,1,25,1,0,0,0,0,0,0,0,9,900,0,0,0,0,324,0,0,0,0,0,0,0,0,0,0,0,0,0,0,0,4,0,4,148225,36,0,0,9,314721,0,225,0,0,0,0,0,1,0,0,0,36,0,0,0,0,0,0,0,0,16,0,0,0,0,0,1,0,0,0,0,0,0,0,0,0,0,36,0,0,0,0,0,0,0,16,0,0,0,0,0,0,0,0,0,0,0,4,0,0,0,0,0,0,49,0,0,0,0,0,0,16,0,0,0,0,0,470596,0,2916,0,0,0,1,36,0,0,0,1,0,0,0,0,0,0,0,0,169,0,400,0,0,0,0,0,0,0,0
2020-03-03,0,0,0,1,0,0,0,0,0,16,16,0,0,0,0,0,0,36,0,0,0,0,0,0,0,0,0,0,0,0,0,0,0,9,0,0,0,0,0,16129,0,0,0,0,0,1,0,0,4,0,1,0,0,0,1,0,0,0,0,0,0,0,0,0,2304,0,0,0,0,784,0,0,0,0,0,0,0,0,0,0,0,0,0,0,0,9,4,0,273529,4,0,0,0,120409,0,0,0,1,0,0,0,100,0,0,1,9,0,0,0,0,0,0,0,0,0,0,0,0,0,0,0,0,0,0,0,0,1,0,0,0,0,25,0,0,0,0,0,0,0,36,1,0,0,0,0,0,0,0,0,4,0,0,0,1,0,0,0,0,0,0,1,1,0,0,0,4,1,0,0,0,0,360000,0,3136,0,0,0,1,36,0,1,0,0,0,0,0,1,0,0,0,0,16,0,196,0,0,0,0,0,0,0,0
2020-03-04,0,0,4,0,0,0,1,0,0,64,36,0,0,4,0,0,9,25,0,0,0,0,0,0,0,0,0,0,0,0,0,0,0,9,0,0,0,0,1,14161,0,0,0,0,0,1,0,0,0,0,9,0,0,0,0,0,0,0,1,0,0,0,0,1,1156,0,0,0,0,1521,0,0,0,0,0,0,0,0,0,0,0,0,0,0,0,100,1,0,697225,25,1,0,0,217156,0,196,0,0,0,0,0,0,0,0,0,0,0,0,0,0,0,0,0,0,49,0,0,0,0,0,0,0,0,0,0,0,0,0,0,0,0,100,0,1,0,0,0,0,0,64,0,1,0,0,0,0,0,0,1,4,0,25,1,1,0,0,0,0,4,0,0,0,0,0,0,4,0,0,0,0,0,266256,0,5625,0,0,0,81,49,0,1,0,0,0,0,0,0,0,0,1,36,121,0,484,0,0,0,0,0,0,0,0
2020-03-05,0,0,49,0,0,0,0,0,0,121,25,0,0,9,0,0,4,100,0,0,0,0,0,0,0,1,0,0,0,0,0,0,0,9,0,0,0,0,4,13689,0,0,0,0,0,0,0,0,9,0,4,0,0,0,9,0,0,0,0,0,0,0,0,0,5329,0,0,0,0,4356,0,0,9,0,0,0,0,0,0,0,0,0,0,0,4,100,484,0,343396,25,16,0,25,344569,0,2401,0,0,0,0,0,0,0,0,0,0,0,0,0,1,0,0,0,0,196,0,0,0,0,0,0,0,0,0,0,0,0,0,0,0,0,100,0,1,0,0,0,0,0,529,64,0,0,0,0,0,0,0,0,1,0,0,0,0,0,0,0,0,25,0,0,4,0,0,0,4,0,0,1,0,0,191844,0,6561,0,0,0,121,400,0,0,0,16,0,0,0,0,0,0,0,0,1156,0,1156,0,0,0,0,0,0,0,0
2020-03-06,0,0,25,0,0,0,1,0,0,49,144,9,0,0,0,0,0,729,0,0,0,1,0,4,0,25,0,0,0,0,0,0,0,144,0,0,0,0,1,28900,0,0,0,0,0,1,0,0,16,0,100,0,0,0,9,1,0,0,9,0,0,0,0,25,19044,0,0,0,36,19044,0,0,484,0,0,0,0,0,0,0,0,0,0,0,0,81,1,0,349281,49,49,0,4,591361,0,1024,0,0,0,0,0,4,0,0,0,9,0,0,0,0,0,0,0,0,0,0,0,0,0,0,0,0,0,0,0,0,1,0,0,0,0,1936,0,1,0,0,0,0,0,900,1,0,49,0,0,0,0,0,0,16,0,0,4,0,0,0,0,0,49,0,16,1,0,0,0,25,0,0,25,0,1,268324,0,33489,0,0,0,676,900,0,4,0,0,0,0,0,0,0,0,0,4,900,0,5476,0,0,0,0,0,0,0,0
2020-03-07,0,0,0,0,0,0,36,0,0,16,1089,9,0,16,0,0,0,3481,0,0,0,0,0,0,0,25,0,0,0,0,0,0,1,36,0,0,0,0,1,10201,1,0,0,1,0,1,0,0,49,0,9,0,0,1,0,144,0,0,25,0,0,0,0,49,36100,0,0,0,0,80656,0,0,169,0,0,0,0,0,0,0,0,0,1,0,4,64,4,4,1522756,0,25,0,4,605284,0,3481,0,0,0,0,0,0,0,0,0,36,0,0,0,0,0,4,0,0,1089,0,0,1,0,0,0,0,0,0,0,0,0,0,0,0,0,2116,0,1,0,0,0,4,0,729,0,1,81,0,0,0,1,4,16,16,0,9,1,36,0,0,0,0,1,0,0,0,1,0,0,169,0,1,9,0,0,233289,0,54289,0,0,0,5776,14884,0,1,0,9,0,1,0,0,0,0,0,0,2304,0,11025,0,0,0,0,1,0,0,0
2020-03-08,9,0,0,0,0,0,1,0,0,121,625,0,0,49,0,0,0,3600,0,0,0,0,0,0,0,0,0,0,4,0,0,1,0,36,0,0,0,0,0,2116,0,0,0,0,0,1,0,0,49,0,64,0,0,0,0,0,0,0,0,0,0,0,0,0,10609,0,0,0,9,26569,0,0,441,0,0,0,0,0,0,0,0,0,0,0,9,100,9,0,1157776,256,1,0,36,1555009,0,2209,0,0,0,0,0,9,0,0,1,0,0,0,0,0,0,0,0,0,100,4,0,4,0,0,0,1,0,0,0,0,0,0,0,0,0,3600,0,0,0,0,0,0,0,1156,0,0,9,0,0,1,0,1,1,64,0,1,36,0,0,0,0,0,9,0,4,0,0,0,0,64,0,4,9,0,1,134689,0,108900,0,0,0,576,3025,0,0,0,0,0,0,0,0,0,0,0,256,1849,0,9025,0,0,0,0,16,0,0,0
2020-03-09,0,4,9,0,0,0,9,0,0,36,9,0,0,256,9,0,0,961,0,0,0,0,0,0,0,144,0,0,4,0,0,0,1,25,0,0,0,0,25,2025,0,0,0,16,0,0,0,0,36,0,49,0,0,0,1,1156,0,0,0,0,0,0,0,121,168100,0,0,0,1,3025,0,0,49,0,0,0,0,0,0,0,0,0,0,0,1,4,0,4,552049,49,4,0,196,2226064,0,1089,0,0,0,0,0,9,0,0,1,100,0,0,0,0,0,4,0,0,36,4,0,0,0,0,4,0,0,0,0,0,0,0,0,0,0,5929,0,0,0,0,0,0,0,484,0,0,0,0,0,0,36,16,25,81,0,9,4,0,0,0,0,0,121,0,16,0,0,0,0,144,0,4,16,0,1,61504,0,187489,0,0,0,1764,4624,0,0,0,0,0,0,0,0,0,0,0,0,4489,0,14641,0,0,0,0,81,0,0,0
2020-03-10,0,16,0,0,0,0,0,0,0,400,841,0,0,900,0,0,0,1521,0,0,0,0,0,0,0,0,0,1,0,0,0,0,0,225,0,0,0,0,9,400,4,0,0,16,0,0,0,4,64,0,5625,0,0,9,1,36,0,0,0,0,0,0,0,100,81796,0,0,0,4,56169,0,0,121,0,0,0,0,0,0,0,0,0,0,0,1,100,100,0,354025,0,0,0,0,3229209,0,676,0,0,0,0,0,1,0,0,9,81,0,0,0,0,0,0,0,0,324,0,0,4,0,0,0,0,0,1,0,0,0,0,0,0,0,3136,0,0,0,0,1,0,0,529,4,100,1,1,0,0,4,529,36,81,0,9,4,0,0,0,0,0,144,0,16,0,0,0,0,100,0,0,0,0,16,17161,0,595984,0,0,0,2025,1764,0,0,0,0,0,0,0,1,0,0,0,196,2304,0,40000,0,0,0,0,16,0,0,0
2020-03-11,9,16,0,0,0,0,49,0,0,144,2601,4,0,1,0,0,9,784,0,0,0,0,0,0,0,81,0,0,0,4,0,0,0,256,0,0,0,0,16,841,0,0,0,16,0,1,0,0,529,1,22801,0,0,0,4,16,0,0,9,0,0,0,0,0,138384,0,0,0,64,24649,0,0,36,0,0,0,0,0,0,0,0,0,0,0,9,25,36,169,776161,0,196,0,961,954529,0,2916,0,0,0,0,0,16,0,0,4,0,0,0,0,0,4,4,0,0,144,4,0,1,0,0,0,4,0,0,0,0,0,0,0,0,0,3721,0,0,0,0,0,16,0,7225,0,0,81,36,0,16,4,0,25,4,0,36,64,0,0,0,0,0,169,0,25,0,16,0,0,36,0,4,225,0,0,58564,0,950625,0,0,0,6084,13456,0,9,0,81,0,0,0,9,0,0,0,225,2704,0,73441,0,0,0,0,16,0,0,0
2020-03-12,0,1,0,0,0,0,0,9,0,196,4096,4,0,2704,0,0,9,2209,0,0,0,0,4,1,0,324,0,100,9,0,0,1,0,100,0,0,0,0,36,576,36,0,0,81,1,9,9,16,961,0,63504,0,0,0,0,1,0,0,9,0,0,0,0,361,247009,0,0,0,1,73441,0,0,81,0,0,0,0,0,0,0,0,0,0,4,1,225,529,225,917764,81,64,0,144,5349969,4,2601,0,0,0,0,0,9,0,0,4,400,0,0,0,4,0,0,0,0,400,4,0,1,0,0,16,1,0,0,0,0,9,0,0,0,0,14641,0,0,0,0,0,0,0,44944,0,16,1,49,0,0,36,256,81,324,0,56644,400,225,0,0,0,0,16,0,625,0,169,0,0,144,0,9,676,0,36,12996,0,1329409,1,0,0,18496,23104,0,0,0,121,0,0,0,4,1,0,0,0,6889,0,82369,0,0,0,0,1,0,0,0
2020-03-13,0,144,25,0,0,0,144,4,4,900,13225,0,0,0,0,0,81,7225,0,0,0,0,1,0,0,625,0,196,256,0,0,4,0,1225,0,0,0,0,100,484,0,0,0,1,0,81,0,0,484,0,25600,0,0,0,0,400,0,0,121,0,0,0,0,9216,354025,0,1,0,1,643204,4,0,1156,0,0,0,0,0,0,0,1,0,0,0,9,1024,4,0,1155625,16,729,0,196,7027801,16,3136,0,0,0,0,0,64,0,0,36,25,0,0,0,1,0,361,0,0,81,0,0,1,0,0,25,4,0,0,0,0,1,0,0,0,0,12321,0,0,0,0,0,4,0,17424,0,1,0,169,0,1,25,9,324,361,0,0,361,25,0,0,0,1,1,0,289,4,36,0,0,81,0,121,1521,0,16,12100,0,2343961,1,0,0,24964,44944,0,1,0,0,0,0,1,36,1,0,4,121,17956,0,123201,0,0,0,0,25,0,0,0
2020-03-14,0,100,1,1,0,0,9,49,0,1681,20449,0,0,2304,0,0,0,25600,0,0,0,0,49,0,0,441,0,144,64,0,0,0,0,1444,0,0,0,0,100,361,49,0,0,9,0,36,1,64,1156,1,16384,0,0,36,36,169,0,0,2704,0,1,0,0,784,616225,0,0,0,25,480249,0,0,3249,0,0,0,0,0,1,0,0,0,0,1,81,0,64,1225,1661521,121,441,0,400,6487209,4,3844,0,0,0,1,0,400,0,0,9,0,0,0,0,0,9,144,0,0,1521,1,0,100,0,0,100,4,0,0,0,0,1,0,0,0,0,36100,0,1,0,0,0,16,0,0,4,0,25,81,0,1,256,144,361,1156,0,3364,625,225,0,0,0,0,36,0,576,169,289,0,0,169,0,81,2025,0,49,11449,0,2832489,9,1,0,24025,71289,0,16,0,144,0,0,1,9,0,0,0,0,13689,0,261121,0,0,0,0,81,0,0,0
2020-03-15,9,25,121,0,0,1,121,49,0,2704,22801,36,0,1,0,0,0,16900,0,0,0,0,0,0,0,529,0,9,100,1,0,4,1,4624,0,0,0,0,324,484,324,0,0,1,9,36,0,49,4096,0,529,0,0,0,25,0,0,1,1296,1,0,0,0,729,702244,0,0,0,0,537289,0,0,1444,0,0,0,1,0,0,0,0,0,0,0,36,441,49,729,1863225,0,1444,0,3844,12229009,0,1849,0,0,36,0,0,16,0,0,49,729,0,0,0,0,9,0,0,0,1681,0,0,4,1,0,225,144,4,0,0,0,121,0,0,4,0,24025,0,4,0,0,0,0,0,81796,0,81,9,49,0,0,25,2209,1296,3249,0,289,576,196,1,0,4,0,361,0,0,4,25,4,0,196,0,196,1600,0,0,5776,0,4596736,25,0,1,22201,56644,0,36,0,0,0,0,0,0,0,0,0,0,187489,0,603729,0,36,0,100,0,0,0,0
2020-03-16,36,16,121,9,0,0,121,100,0,2401,42025,0,1,9,0,0,36,38809,0,0,0,0,0,225,0,6241,0,100,100,0,0,25,1,3600,0,0,1,0,196,625,121,0,1,64,0,121,0,81,7056,0,2304,0,0,0,81,289,0,0,3136,0,9,0,0,3249,853776,0,0,0,0,1087849,0,0,10609,0,0,0,0,0,0,0,9,0,0,9,64,1600,9,441,1461681,1521,1600,0,5184,7969329,4,1156,0,196,9,4,4,64,0,0,25,36,0,0,0,9,25,1521,0,0,36100,16,0,100,0,0,144,9,16,0,0,0,100,0,0,0,0,30976,0,0,0,0,0,0,0,28900,4,1,0,0,0,1,784,841,441,5776,0,4096,676,16,16,0,0,0,36,0,1024,25,81,1,0,144,0,289,1444,0,729,5476,0,2910436,64,0,0,11664,707281,0,0,0,1024,0,0,4,4,256,0,0,1,63001,0,677329,0,4,36,25,16,0,0,0
2020-03-17,25,81,100,81,0,0,81,484,0,5929,24336,0,0,49,4,0,81,39601,0,1,0,0,1,9,0,1156,0,16,121,289,0,144,0,14400,0,0,0,0,6561,1849,144,0,0,36,1,64,0,100,2116,1,3249,0,0,0,441,256,0,0,1156,0,1,0,0,25,1464100,0,0,0,9,1378276,16,0,441,0,0,0,25,0,0,0,0,0,0,4,121,441,1024,289,1108809,0,2916,0,100,16000000,0,100,0,1,4,0,0,121,0,0,25,441,0,1,0,0,9,16,0,0,15625,0,0,64,0,0,841,36,4,0,0,0,81,0,0,0,0,77284,0,0,0,0,0,36,0,8464,4,24336,1,676,0,1,225,4,2704,7396,0,1444,2025,900,0,0,0,0,16,0,225,1,4,1,0,289,0,529,1156,1,121,7056,0,6265009,100,0,0,7921,0,0,64,0,3969,0,0,1,4,841,0,4,144,23104,1,786769,0,441,4,324,16,0,0,0
2020-03-18,1,16,4,0,0,0,196,676,0,6241,99856,81,0,256,9,1,0,24964,0,0,0,0,1,0,0,3249,0,4,361,0,0,0,36,21025,0,0,0,0,2025,529,64,0,0,81,0,169,9,0,8100,0,8464,0,0,0,2809,1600,0,0,400,0,0,0,0,2209,1203409,0,0,1,1,1308736,0,0,1225,0,0,0,0,0,0,0,0,0,0,1,0,2304,144,1444,1387684,900,4761,0,27889,12432676,9,25,0,361,484,1,289,49,0,0,625,0,0,1,0,0,64,3481,0,0,14400,0,0,100,0,0,121,1,0,9,4,0,49,0,0,0,0,85264,0,144,0,0,1,144,0,19321,0,0,4,289,0,4,961,2025,3721,13689,0,9,1089,441,4,0,0,0,4,0,0,16,225,0,0,529,0,169,484,0,529,8649,0,13645636,169,0,0,2116,202500,0,100,0,0,0,0,4,16,2601,0,81,225,165649,0,3118756,0,441,64,0,49,0,0,0
2020-03-19,0,16,144,1521,0,0,324,1369,0,12321,98596,36,0,361,4,0,100,59049,0,0,0,0,0,225,0,18769,0,144,121,36,0,0,0,14641,0,0,0,0,1369,1936,1369,0,4,361,1,144,16,324,7744,121,8281,1,0,100,3249,900,1,4,1089,0,1,0,0,2500,1971216,9,4,0,0,1085764,1,0,961,0,0,9,4,0,0,0,1,0,0,9,529,9,784,0,1420864,100,5476,0,36,17698849,4,1936,0,289,16,9,0,144,9,0,100,169,0,0,0,324,64,4900,0,0,13689,0,0,16,0,0,625,36,0,1,36,0,100,0,0,0,0,119716,0,64,1,0,25,121,0,13225,225,13225,9,529,0,0,784,225,2401,37636,0,100,1849,1089,16,0,0,0,25,0,1444,25,484,4,0,2209,0,100,121,0,961,23104,0,16378209,0,1,0,17956,129600,0,961,0,0,0,0,4,25,8649,0,25,0,462400,4,8928144,0,841,49,0,64,0,4,0
2020-03-20,0,121,324,484,0,0,961,49,4,20736,302500,100,4,169,0,1,121,95481,0,1,4,0,9,64,0,37249,0,25,169,49,0,0,16,24336,0,1,0,1,10816,9801,676,0,0,324,9,529,25,0,29584,0,1296,0,0,0,961,196,0,1,81,0,1,5184,1,961,3463321,0,0,0,36,35283600,16,100,2116,4,0,81,1,1,0,0,0,4,0,144,144,6400,676,3025,1094116,169,36481,0,59536,28323684,1,5929,25,16,144,0,4,36,9,0,225,256,0,0,0,0,225,18225,0,0,12100,0,0,144,1,9,2116,169,4,0,25,0,81,0,0,0,0,167281,0,121,0,0,0,36,0,16641,0,30976,9,784,0,4,7921,784,4624,20449,0,64,289,2704,0,0,0,0,289,0,4489,0,1024,0,0,1024,0,256,1089,0,1156,7569,0,20875761,121,0,0,14884,770884,0,0,0,1225,0,0,0,100,28224,0,49,729,418609,0,23377225,0,225,0,0,121,0,0,0
2020-03-21,4,0,144,0,0,0,900,196,0,27225,205209,0,1,256,49,16,0,213444,0,0,0,1,16,0,0,80089,0,25,484,49,0,529,169,15625,4,4,0,0,8464,2704,900,0,0,676,25,484,25,81,44100,0,10816,0,0,169,51529,2116,4,0,256,0,4,64,0,2500,2614689,144,0,0,9,16394401,25,0,961,0,0,4,16,0,1,0,0,0,0,0,324,6241,1600,6724,1530169,256,15876,1,1225,35832196,9,3249,49,169,16,0,9,121,0,0,625,196,0,0,0,81,441,19321,9,0,16900,0,0,81,0,81,1521,289,1,1,1,1,529,0,0,1,0,285156,4,196,1,1,16,484,0,36100,81,289,1,3969,1,25,841,0,4900,55225,0,100,961,2916,36,0,0,0,625,0,1296,121,81,1,0,1600,0,196,484,0,3025,21609,0,29658916,169,0,0,40000,906304,0,729,0,23716,0,64,0,225,96721,0,0,0,498436,0,28879876,0,256,100,9,1,0,0,1
2020-03-22,0,36,1369,169,4,0,4489,576,0,50176,140625,81,0,441,49,64,361,311364,0,0,0,0,1,2304,0,50176,0,25,1296,576,0,16,0,109561,1,0,4,1,10609,4225,2704,0,1,16,9,6400,16,289,8281,81,5041,0,0,6084,11236,841,0,4,529,0,0,144,1,5041,3411409,4,0,0,36,10732176,25,0,1225,0,0,1,16,0,0,0,0,0,0,4,784,4096,7921,19881,933156,441,10404,1,29241,42994249,0,1521,0,225,9,0,0,289,64,0,169,4489,0,1,0,4,1296,34596,0,0,23409,0,0,289,0,4,2304,196,36,16,0,0,100,0,0,0,0,405769,4,169,0,0,100,225,0,33856,16,22801,16,2025,0,16,3025,22500,12321,67600,0,121,3481,2809,0,0,0,0,0,0,13924,81,196,0,0,2209,0,1681,1764,0,1225,9604,0,23677956,144,0,16,15129,1530169,0,324,0,54289,1,36,1600,36,76729,1,225,169,1071225,9,50737129,0,625,0,0,49,0,0,1
2020-03-23,100,169,3844,625,0,0,1681,900,0,373321,368449,144,0,784,9,9,0,343396,0,0,16,0,49,1089,0,174724,0,25,484,0,0,1225,0,16384,0,0,1,0,9025,19044,625,0,0,289,64,841,100,121,28900,9,4761,0,1,8100,66049,81,0,0,400,9,4,529,1,11025,2430481,1,9,0,25,10962721,9,25,8836,0,1,144,4,256,0,0,0,0,0,1,1296,9025,14161,4096,1056784,361,14641,0,35344,30913600,0,1849,9,225,16,64,49,144,0,0,225,324,0,0,0,100,1444,16384,0,0,15129,0,0,289,0,196,4225,196,25,0,49,0,361,1,0,0,0,328329,1,1296,0,0,64,841,0,42436,9,19044,49,4624,0,0,2025,0,9604,102400,0,169,4356,17424,4,0,0,0,0,0,14161,121,1521,0,0,529,0,49,961,0,1156,4096,0,21585316,81,0,0,25600,799236,1,144,0,14884,0,0,1,225,83521,0,36,0,442225,36,71554681,0,529,169,0,676,0,1,0
2020-03-24,36,121,841,400,0,0,1225,16,64,12996,731025,49,0,25,36,0,25,116964,1,9,0,0,1,16,0,119025,0,9,256,121,0,1,841,46656,0,0,0,0,12996,4761,5041,0,0,576,0,5041,25,441,5041,0,4225,4,0,1849,36864,1089,4,9,676,0,0,9,1,5476,14730244,25,0,1,49,19695844,9,0,5041,4,0,4,1,9,0,0,0,9,0,9,400,400,2809,4225,1990921,1089,47961,121,137641,22934521,0,1521,9,169,4,1,900,1,4,0,1681,361,0,0,0,0,1296,5929,196,0,44944,0,0,25,0,64,2601,225,0,0,36,0,361,0,4,0,1,297025,4,1600,0,1,100,484,0,57121,121,10609,0,1024,0,25,1024,6724,13225,211600,0,49,20449,0,289,0,0,0,1296,0,2601,144,1156,0,0,2916,0,36,784,0,16384,5776,0,59151481,100,0,1,12100,1089936,0,900,0,11236,0,9,1,196,85849,64,676,2025,935089,0,126247696,289,16,9,2304,121,0,0,0
2020-03-25,4,529,1156,961,0,4,7396,5041,25,360000,633616,225,0,2601,36,1,0,276676,0,0,0,0,16,1089,0,96100,0,169,361,576,0,16,256,97969,0,0,0,1,30976,6084,5184,0,0,361,2304,5776,64,64,24964,361,17161,0,1,4489,10201,1521,16,0,289,0,0,16,1,8464,5982916,4,0,1,81,5484964,676,0,2304,0,0,9,1,9,4,0,0,4,0,36,1521,3600,4900,11449,3104644,2500,41616,100,238144,27552001,4,4225,0,225,289,81,4,4,676,4,289,1369,0,0,1,1,900,50176,4,0,11236,0,0,289,0,36,1444,256,16,0,400,0,1296,0,1,0,1,657721,4,2209,0,25,16,144,0,38025,324,10816,1,9604,0,100,441,8100,23104,91204,0,625,34596,3249,16,0,0,0,0,0,42025,49,729,0,0,2401,0,169,1444,0,24025,10000,0,73153809,25,1,4,65536,599076,0,441,0,11449,0,0,36,625,117649,0,121,2500,2036329,0,77246521,0,729,36,49,25,0,0,0
2020-03-26,1089,529,1444,576,0,0,13225,625,4,141376,367236,36,1,841,0,0,25,446224,1,0,0,1,49,361,0,53824,0,9,484,225,0,25,0,2033476,1,0,0,0,48400,10404,8464,0,0,576,49,1296,81,64,67600,0,17689,81,25,6400,16641,5776,16,4,1225,0,1,100,0,7744,8590761,0,0,0,9,24542116,225,121,6084,1,0,25,9,49,0,0,0,1,0,256,1225,7921,7569,10816,4866436,900,55225,0,192721,27144100,16,5625,0,676,81,0,64,16,4,0,576,841,0,0,0,16,4225,54756,0,0,29584,0,4,25,0,36,4900,576,16,0,36,0,3025,16,0,1,0,725904,25,5329,0,0,49,841,0,122500,225,4356,4,21025,0,16,20164,7056,22500,400689,0,121,20736,26569,1,4,1,0,441,0,17689,169,2916,0,0,100,1,144,2304,0,23104,10816,0,80174116,0,0,0,56644,855625,0,361,0,12321,0,25,9,3481,314721,25,841,7225,2108304,0,194965369,0,784,100,225,256,0,81,1
2020-03-27,0,784,4225,1296,1,16,7569,1521,81,134689,1301881,841,16,1521,81,36,0,1684804,0,1,81,0,484,0,0,232324,4,49,484,1024,0,4,256,400689,1,9,1,4,26896,8836,441,0,0,900,256,5929,100,196,166464,81,23409,0,16,9216,36864,196,0,1,17956,4,0,64,0,6084,15382084,25,1,0,36,33408400,4096,81,5041,1,36,144,1,16,1,4,0,0,16,225,1521,4225,5625,10609,5707321,1296,65025,9,88209,37859409,1,9216,196,361,1024,36,64,169,0,16,529,1225,0,0,0,25,625,14400,16,0,55225,0,4,25,1,1089,12100,784,4,1,196,16,2500,4,4,16,0,1038361,1,5776,0,9,196,576,0,57600,100,19600,484,7396,0,121,484,5041,28900,301401,0,144,15129,33124,81,0,0,0,100,0,12544,36,6561,0,0,676,0,100,2401,1,47524,8281,0,84290761,16,0,0,87616,1000000,16,289,0,8281,0,1,25,0,1430416,0,1849,0,4532641,1,282139209,0,441,324,1,100,0,4,0
2020-03-28,256,144,1764,1849,1,0,10201,1849,0,44944,446224,1849,0,64,0,0,64,1100401,0,0,4,0,169,2304,0,252004,0,1,841,0,0,16,0,431649,0,4,0,0,92416,14161,2304,0,0,1024,25,8281,169,256,47089,16,28561,1,0,8649,50176,1521,0,1,1369,9,16,16,0,4489,14508481,0,0,0,4,39614436,25,400,5476,9,0,4,49,4,0,0,0,0,0,784,1849,7744,22201,23409,8561476,5776,91204,9,136161,35509681,0,18225,400,1600,5329,0,49,289,196,0,1296,529,0,0,0,16,3481,23104,1,0,16900,1,0,100,0,169,17424,484,81,0,64,0,4900,0,0,0,0,1373584,0,6084,0,0,256,324,0,180625,484,0,49,12544,0,16,3025,9216,28224,524176,4096,169,69169,38416,16,0,0,0,25,0,8464,196,5329,0,0,19044,1,4761,3025,1,59049,21316,0,67963536,0,0,0,57600,1932100,0,225,0,0,0,1,1,2916,4280761,0,3844,5184,8323225,0,349503025,4,0,441,144,64,0,4,4
2020-03-29,225,121,2025,1681,0,0,3025,2704,0,185761,352836,289,4,49,0,4,0,3422500,0,0,25,1,49,784,0,237169,0,25,1444,1156,0,1,121,505521,0,0,1,0,89401,12769,4761,0,225,1024,1521,5041,1521,289,147456,0,24025,4,0,19044,43264,1681,36,0,4225,0,0,121,0,37249,21261321,16,0,0,16,15721225,16,1,9025,1,4,16,4,9,9,0,9,0,1,225,4225,5329,11236,11881,9461776,2304,86436,9,341056,35688676,36,37636,81,529,1296,49,4,100,676,0,625,441,0,0,0,1,1296,51076,16,0,25281,4,25,4,4,64,17161,1024,1,1,81,0,169,1,9,0,4,1343281,0,3600,4,0,256,484,0,69696,441,44521,36,13225,0,9,1296,73984,62001,813604,1296,784,25600,51984,36,0,1,0,1,0,9801,121,40804,0,0,5041,0,0,3481,0,289,11025,0,41267776,81,4,0,160801,1098304,0,256,0,11881,0,9,64,0,2903616,256,8649,3969,6482116,0,399160441,9,441,841,0,289,0,144,4
2020-03-30,64,225,3249,676,9,0,5625,0,484,80656,272484,729,9,729,1,49,0,2896804,0,0,0,0,225,4356,0,123904,0,36,225,0,0,16,0,755161,0,0,0,0,52900,9604,8836,0,0,361,625,3136,400,1225,27556,529,37636,16,0,19600,3025,1600,121,1,1521,0,0,16,0,0,6754801,1,0,0,25,22572001,121,81,9025,0,0,1,4,36,0,0,0,49,0,841,1521,3249,8464,16900,8415801,1681,40000,100,394384,27217089,4,29929,4,576,3025,16,9,400,0,0,5041,676,0,0,49,1,8100,14161,81,0,22500,1,81,25,0,64,21025,1024,9,0,1,0,14641,0,0,9,0,1218816,0,5776,0,0,0,324,0,66049,225,13924,81,7744,0,25,32761,117649,50176,627264,729,1936,94864,72900,100,25,25,0,25,0,676,144,6724,1,0,1681,0,1681,1521,0,8649,6084,0,33790969,25,0,0,64009,1258884,16,529,0,20449,0,4,16,2601,3294225,9,11449,0,5919489,1,337089600,64,1296,144,0,225,0,1,0
2020-03-31,729,121,5329,1296,0,0,21316,3364,0,215296,648025,4096,0,225,0,1,121,1129969,1,0,25,0,121,900,0,104329,1,1,169,1764,0,4,1849,1366561,0,16,0,4,96100,7056,9216,0,0,256,9,5929,961,256,29929,289,33124,49,0,1764,5776,1089,4,0,1296,0,49,81,0,9025,19149376,1,0,1,64,21298225,0,16,3136,0,0,16,0,0,64,0,0,0,0,4,2025,4356,32400,16641,10150596,6889,87025,0,51076,16402500,16,7569,0,81,1681,64,225,121,0,9,0,64,0,0,0,4,0,1444,49,0,24336,0,0,81,0,324,10201,1225,9,0,36,0,5929,0,36,0,0,781456,1,9025,0,100,1156,676,4,15376,144,9801,81,7396,0,1,9604,443556,37249,198916,2209,3481,36864,91204,0,0,0,0,0,0,50176,400,0,4,0,0,0,0,1089,0,2116,15625,0,66341025,0,1,0,107584,1295044,1,0,0,69169,0,16,49,1156,2592100,0,3844,20449,6859161,25,466344025,0,841,16,256,9,0,36,0
2020-04-01,625,400,17424,36,0,0,0,2500,25,22500,318096,625,1,2704,4,0,2209,767376,0,4,25,0,64,3600,9,1295044,0,4,1600,576,4,0,2601,1236544,1,4,0,0,83521,2916,11664,0,9,289,0,5929,256,1024,93636,0,80089,25,0,43264,112896,2209,0,1,900,0,4,1,0,5041,57426084,1,81,0,144,29735209,0,0,10404,0,0,81,4,225,0,36,16,0,0,961,1089,2401,21316,12996,9678321,4096,105625,100,196249,16426809,0,0,324,36,225,81,36,529,529,0,484,289,0,0,4,16,2401,36100,4,0,19600,1,0,361,0,225,14641,3025,9,0,324,0,3721,0,1,0,0,714025,0,0,0,0,0,1936,16,48841,169,171396,4,11236,0,16,13225,0,65536,1071225,4225,7744,85849,251001,25,1,16,0,1,0,12100,169,25281,0,1,1225,9,729,2601,0,729,0,0,54952569,4,1,4,165649,484416,0,256,0,0,0,0,4,2500,7311616,121,4761,2809,9054081,0,624900004,0,36,576,0,36,0,0,1
2020-04-02,676,256,17161,196,1,0,27889,1521,0,72361,279841,3721,36,4,9,121,0,1413721,0,25,0,1,64,2601,1,1252161,0,4,529,225,0,1,1600,1121481,0,64,4,0,85849,10000,25281,0,0,784,484,9216,676,3364,78961,625,61009,9,1,30625,207936,2916,81,0,1156,0,16,16,4,3844,23629321,0,4,0,25,37896336,1849,0,3721,0,1,64,64,324,196,1,49,1,0,2209,3600,7225,322624,22201,8922169,0,44944,169,455625,22867524,36,50625,0,16,64,484,0,784,25,1,2304,256,0,9,0,16,2304,19881,64,0,20164,1,100,100,0,121,26569,4900,9,4,196,0,1369,4,1,4,0,1038361,0,5776,1,2916,400,625,0,47524,324,63504,289,18496,0,0,66564,51529,59049,652864,2209,2916,46225,193600,49,0,0,1,36,0,24649,225,25600,0,0,14641,100,1369,729,4,729,36100,0,57501889,441,0,0,262144,925444,0,289,0,14400,0,4,4,1024,4613904,0,60025,0,18696976,1,734572609,0,121,196,64,441,0,1,0
2020-04-03,1849,324,19321,1444,0,4,0,8464,25,61504,174724,1681,9,5476,4,0,10404,1915456,0,0,9,0,81,4624,0,1153476,0,4,1225,729,1,16,1444,2798929,0,36,0,0,139129,4900,9216,0,361,441,16,2304,441,1296,72361,0,77841,49,0,9216,164025,4761,25,0,6241,0,0,16,0,5184,4477456,0,0,0,36,38118276,81,361,19321,0,0,25,1,169,484,0,0,4,0,9,1444,9801,112896,12769,8265625,6084,161604,36,436921,21790224,9,192721,0,441,1444,841,169,625,169,0,144,225,0,0,1,9,4624,28224,25,9,43264,0,64,49,1,225,17424,6724,25,0,441,0,2916,0,16,0,0,1172889,0,2401,0,0,529,0,4,72900,441,0,441,24964,0,64,8281,103684,153664,613089,900,12996,77284,594441,0,0,0,0,81,0,27225,25,12321,0,1,2401,49,676,3136,0,6724,7396,0,52881984,25,0,0,269361,1263376,36,0,0,10816,0,9,64,3721,6031936,1,100,129600,18011536,1,830534761,9,324,9,1,9,0,9,0
2020-04-04,0,729,34225,121,0,36,17424,5329,4,104976,156816,1849,0,0,25,0,9409,2022084,1,9,0,0,49,2916,0,1313316,0,0,784,0,0,0,56644,1565001,0,1,0,0,110889,3844,11236,0,0,400,576,4624,1296,1600,110224,121,137641,0,4,11664,42025,0,100,1,10609,0,36,4,25,9409,27384289,4,9,0,729,36990724,1,49,9801,0,4,25,9,529,0,36,16,0,1,1764,3025,2025,361201,38416,0,0,179776,1849,1382976,21022225,36,101124,1369,0,5476,144,1,0,361,0,1225,0,0,1,0,0,14884,15625,36,0,47089,0,9,25,0,289,31684,7396,16,0,900,0,0,0,0,1,1,1052676,4,2704,0,576,256,5776,0,74529,0,0,0,39204,0,361,32761,148225,190969,725904,3844,0,198025,361201,49,1,0,25,36,0,0,144,93025,0,0,4225,0,576,1369,0,1849,8836,0,44395569,9,0,0,374544,1067089,0,256,0,10609,0,1,9,0,7761796,9,33489,0,19802500,0,1051380625,49,144,1369,0,16,0,0,1
2020-04-05,1225,841,6400,729,4,0,34596,1156,4,19321,58081,6084,16,2025,81,36,1849,2758921,0,0,4,0,324,2116,0,1493284,0,4,324,196,0,0,2116,1857769,1,36,1,1,179776,2304,19321,0,16,361,729,2209,361,900,79524,400,102400,100,0,8100,9409,42436,36,0,3249,0,9,4,0,71289,18207289,1,0,0,81,35236096,81,9,3600,0,0,36,121,484,3481,9,1,9,0,16,3025,2809,222784,11236,27825625,11236,109561,144,348100,23088025,4,112896,25,576,0,16,36,18769,0,0,256,676,0,9,49,4,0,13689,36,1,22500,0,4,144,0,100,40804,25921,4,0,729,1,44521,0,1,0,0,817216,0,2304,0,484,400,2809,0,91204,2116,25281,0,16384,0,64,22801,5776,59536,407044,5476,141376,184900,338724,169,1,1,0,64,0,86436,144,21904,0,4,5625,0,441,1849,4,6400,6561,0,30614089,64,9,0,133225,948676,0,64,0,36481,0,1,9,1600,9078169,0,11881,231361,13950225,0,1174569984,0,361,1521,0,1,0,0,0
2020-04-06,841,784,4761,1225,16,0,10609,2704,0,3249,47089,3969,1,144,324,25,28900,1587600,1,36,0,0,676,961,4,725904,0,0,784,1849,0,0,9025,2604996,0,16,0,1,96100,4489,6241,0,0,361,256,3136,1024,400,13225,0,85264,64,0,27889,32761,7225,49,0,6241,0,25,0,4,2025,3508129,1,0,0,289,13520329,0,25,3844,1,0,289,81,324,100,0,25,0,0,900,121,4761,480249,32761,6165289,6889,257049,1,169744,18627856,9,146689,1024,484,5041,256,64,5929,5184,1,576,49,0,9,0,1,1600,5625,1,0,32041,0,16,289,0,961,64009,12544,49,0,169,0,10404,0,0,4,9,1498176,0,1521,0,4096,484,0,0,16900,441,683929,3844,34969,0,81,286225,23104,225625,568516,529,77841,63001,432964,4,0,0,0,49,0,42436,9,80656,0,4,14400,4,196,400,0,4900,2209,1,13446889,49,4,0,149769,674041,9,0,0,2601,0,9,1,3364,9828225,16,24025,86436,34845409,1,645058404,4,289,5776,16,16,0,0,0
2020-04-07,1444,256,10609,625,4,0,5476,121,49,10000,98596,3249,16,3136,1225,16,18496,1261129,4,16,4,0,121,1024,0,857476,0,0,324,361,0,1,64,1338649,0,0,0,0,118336,3136,8836,0,0,169,3844,1600,900,361,55225,49,97344,961,1,6889,10201,9,81,0,121,1,1,4,0,62001,15303744,0,0,0,196,14699556,5329,36,400,0,0,4,16,121,49,225,4,9,0,49,5329,5776,125316,47524,5171076,4900,64009,144,224676,12952801,1,26569,196,16,19321,256,25,11881,144,1,81,196,0,1,0,0,1024,1521,25,1,17161,0,4,361,0,289,87616,10201,16,1,361,0,9801,0,1,0,0,906304,0,1024,1,4761,36,7569,0,13225,5329,344569,1296,12544,0,0,78400,171396,96721,204304,1444,51984,37249,910116,1,1,0,0,121,0,19044,16,85264,0,0,4356,0,2401,576,0,961,2209,0,27133681,144,0,0,141376,304704,0,100,0,1444,0,196,1,441,9909904,0,4624,76729,14455204,4,933974721,0,16,3025,121,36,0,0,0
2020-04-08,900,36,2025,361,1,0,7569,400,9,12544,117649,5776,9,3025,1681,9,25921,1904400,0,0,0,0,256,7396,0,2758921,0,0,784,400,0,4,729,1512900,0,36,0,0,90601,7396,40401,0,0,256,676,3600,2116,841,38025,361,152100,961,0,16384,61504,62001,0,0,1681,0,64,1,1,17424,14265729,36,81,0,64,16024009,0,16,5929,0,0,81,36,1,256,0,4,1,0,49,6084,576,597529,61009,4363921,0,119025,121,118336,9235521,16,7921,1,0,1156,196,1521,6084,1764,0,36,49,0,0,1,0,1369,16129,64,9,28900,0,81,1936,0,576,119716,8281,4,0,64,0,4096,0,0,0,0,603729,0,676,0,625,256,841,0,11664,2304,43264,49,22201,1,4,154449,10816,189225,506944,3600,50625,129600,1331716,0,0,0,1,4,0,73984,121,61009,0,0,11236,225,2209,1156,1,3969,2809,0,31169889,49,4,0,237169,348100,0,9,0,12321,0,49,4,484,15147664,0,20449,80089,13205956,0,937155769,9,36,11449,49,0,0,0,1
2020-04-09,3136,289,10816,361,4,0,6400,784,9,9216,108241,11025,16,144,2916,0,42025,1461681,1,0,0,0,2916,1225,1,4884100,0,0,256,900,0,1,2025,1934881,0,0,1,1,184900,7396,75076,0,225,361,1225,3721,3721,1024,87025,9,109561,196,0,24025,207025,56644,625,4,1296,4,9,0,0,32041,15062161,16,9,0,225,24740676,676,49,2704,0,0,16,49,225,400,0,16,4,1,961,7225,900,291600,47524,3988009,29241,265225,64,24336,14714896,0,123201,0,81,3025,49,0,12544,100,9,841,729,0,289,4,1,1024,4096,64,0,24336,0,9,81,0,25,156816,13924,4,1,64,9,8281,49,0,0,0,938961,0,529,0,4096,484,324,9,21609,0,62500,9,77841,0,81,1926544,11236,127449,488601,2209,23409,118336,1380625,25,0,0,0,841,16,18769,49,47961,0,1,20164,0,10201,1296,0,9216,1521,1,33005025,16,0,0,527076,298116,0,9,0,2916,0,25,0,729,16949689,1,42436,90000,30151081,1,1110422329,0,81,2601,1,16,0,0,1
2020-04-10,3721,81,8836,361,0,16,9801,1600,25,10000,77841,10816,1,4096,12544,9,176400,2496400,1,16,81,0,16,3481,36,3724900,0,0,961,841,0,1,0,2172676,0,0,1,1,181476,3025,28561,0,0,1369,3600,4096,3364,1444,66049,1024,54289,25,1,56644,265225,19321,196,0,484,0,1,0,0,13924,18369796,0,121,0,49,28334329,4225,9,5041,0,0,9,1521,100,900,4,0,9,0,1521,44100,1024,459684,113569,2669956,900,1366561,1024,318096,17673616,0,168100,169,196,1849,25,1849,3025,324,1,144,49,0,0,9,0,1849,6561,0,0,11881,0,0,1225,1,1681,67600,13225,9,0,9,0,9801,0,25,0,0,1471369,0,529,0,4624,144,2116,0,22500,1444,77841,0,50176,0,25,835396,42436,136900,664225,3969,27556,194481,2128681,9,0,0,16,625,0,126025,36,40401,0,0,81796,100,361,1089,16,7921,729,0,20584369,1,0,0,521284,616225,0,1,0,2500,1,9,4,400,16451136,0,50176,109561,18870336,0,1149277801,25,49,729,16,4,1,0,0
2020-04-11,1369,49,9025,324,0,4,6561,256,16,7396,97344,4225,1,12321,8836,1,245025,2835856,1,25,0,0,64,676,0,3171961,0,1,121,25,0,1,5329,1918225,0,0,0,0,279841,6241,62500,0,0,361,1296,7744,2401,961,26569,64,33856,100,0,73441,4822416,9025,1,0,2601,0,81,0,1,26896,18852964,0,4,0,256,17081689,0,16,3136,0,4,4,121,81,324,0,9,1,0,100,14400,729,1071225,47961,3888784,2209,484416,121,193600,15610401,4,462400,225,0,1444,25,529,6889,1681,0,529,729,0,36,0,1,1936,11664,81,1,13924,0,784,324,0,16,162409,22201,36,0,25,0,5476,9,1,0,0,1782225,0,400,1,784,289,2304,0,7056,729,34969,9,49284,0,16,410881,0,144400,2298256,1764,18496,70225,3189796,25,1,1,0,121,0,132496,225,56644,0,1,0,0,196,1296,81,4761,0,1,20702500,49,1,0,295936,537289,0,0,0,2025,0,9,0,784,22534009,0,96721,136900,26988025,49,1262167729,0,169,1764,16,1,0,1,0
2020-04-12,1156,289,4096,441,0,0,26244,900,36,2601,61009,4489,16,1764,3364,1,60025,1825201,9,0,4,0,576,2209,0,1185921,0,0,676,1296,4,4,289,1364224,1,64,0,0,181476,8649,55696,0,0,361,2809,1521,3136,441,28900,121,31329,1369,0,19321,9216,21025,0,0,2116,4,16,0,0,18496,9696996,0,9,25,64,7958041,900,4,4900,0,0,9,256,81,1444,9,25,4,0,1,10000,196,826281,108900,3374569,1521,703921,625,112225,22033636,16,1962801,0,81,1600,4,1089,25921,1444,4,324,100,0,121,1,0,2916,2209,0,9,33856,0,324,169,0,1,140625,14884,4,0,36,0,9409,0,9,0,0,1731856,0,196,0,2809,169,2401,0,5776,3844,62500,4,67600,0,1,904401,123904,160801,265225,3969,46656,273529,2778889,4,0,0,0,144,0,145924,169,75625,0,4,152100,0,169,784,0,625,3844,1,15202201,4,16,0,217156,350464,36,25,0,1089,0,0,9,196,26399044,0,94864,141376,76020961,0,806048881,1,49,29584,0,16,0,0,9
2020-04-13,2704,169,7921,256,0,0,4356,2116,0,1089,16900,1600,1,9216,19321,9,123904,2653641,1,0,49,0,900,3481,0,2079364,0,0,196,169,0,0,0,1132096,4,0,0,16,81796,12544,4489,0,100,324,1681,4356,2401,289,7921,0,31684,729,0,43264,43681,15876,49,9,25,0,4,0,0,4761,2601769,4,64,0,225,6436369,24964,0,1089,0,0,0,9,81,0,1,0,0,0,16,2304,144,633616,159201,2745649,1156,528529,4,161604,16744464,9,257049,225,64,6561,36,6241,6400,1764,1,441,121,0,4,0,0,81,121,16,1,23409,1,121,121,0,25,195364,10404,1,0,81,4,13456,1,100,0,9,1378276,0,225,4,1444,25,4624,0,9025,2809,112896,0,27556,0,169,450241,48400,101124,357604,11881,63001,96100,4778596,36,0,0,0,0,0,184041,4,62500,0,0,54289,0,196,289,16,21025,625,0,9180900,121,0,0,110224,160000,0,9,0,784,0,0,1,484,22934521,1,70756,149769,27962944,0,762864400,0,144,4761,36,4,0,9,0
2020-04-14,3364,441,4761,64,0,4,4761,676,0,1936,11236,2500,4,50625,33124,1,116281,887364,16,0,0,0,576,441,0,1590121,0,0,100,324,0,0,0,1684804,0,0,0,64,97344,8836,5776,0,0,289,2704,2500,3249,841,4624,1,20736,7056,0,40000,3969,15625,576,0,529,1,9,0,0,8100,7144929,4,0,0,225,4334724,0,0,961,0,0,1,121,1,4761,0,4,49,0,100,2916,100,1466521,99856,2614689,676,984064,196,194481,9941409,1,152100,16,4,47524,121,225,4356,121,0,16,4,0,81,1,1,64,121,0,9,17956,0,49,1,0,0,124609,2500,0,0,4,0,10404,36,441,0,4,929296,0,64,0,361,400,676,0,5329,45796,116964,0,5184,0,144,0,80656,67600,121801,36,63504,110889,6543364,1,0,0,0,0,0,222784,121,179776,0,1,148996,4,729,49,0,9801,729,0,9709456,64,100,0,216225,77841,0,25,0,1156,4,1,0,361,16752649,0,105625,158404,18852964,196,626150529,0,49,17689,64,9,0,4,9
2020-04-15,2401,64,7569,169,0,0,25600,5184,0,2500,36481,2401,0,27889,43681,1,131044,280900,0,0,0,0,1849,2025,0,3356224,0,0,784,169,0,0,1225,1912689,1,1,0,0,153664,2401,16129,0,16,36,0,2916,1600,1089,6724,361,37249,4225,0,14161,5476,25600,100,400,1681,0,64,0,0,9409,30217009,0,324,0,784,6180196,4900,0,625,0,0,1,169,16,1936,1,1,0,0,144,4489,81,1155625,79524,2477476,484,692224,0,211600,8832784,1024,207025,0,36,7744,64,100,3025,361,0,4,81,0,0,81,0,0,225,4,0,28900,1,441,64,0,0,148225,49284,0,196,81,0,15625,1,144,0,4,753424,0,36,0,484,900,2916,4,6084,9409,73984,361,10404,0,4,7750656,84681,71824,264196,400,38809,60516,7695076,49,4,0,0,256,0,189225,64,168921,1,0,111556,0,4356,64,1225,20449,729,0,19571776,225,9,0,247009,64516,16,4,0,900,4,0,0,441,16499844,1,72900,169744,27583504,49,724794084,0,121,27889,16,1,0,0,0
2020-04-16,4900,361,8100,196,0,0,0,2304,1,1764,18496,3136,16,21025,47961,4,199809,6022116,0,0,576,0,1936,729,0,9351364,0,0,1156,196,0,0,0,1737124,1936,36,0,16,126736,2500,15876,0,1849,64,784,1369,2304,400,26244,169,28900,5184,0,107584,65025,24025,0,100,841,1,9,0,0,5776,6932689,0,144,0,36,8213956,25,4,484,0,0,0,256,0,1681,9,49,1,0,49,5329,49,887364,88209,2286144,225,1140624,144,207025,7112889,400,232324,0,16,4096,81,1296,2500,289,0,81,289,0,0,169,0,441,4356,4,0,7225,0,16,225,0,0,200704,13225,0,0,25,0,18496,1,0,0,0,538756,0,36,0,196,1156,4356,0,12321,0,267289,16,31329,0,169,1373584,52900,144400,413449,2601,80089,113569,11478544,4,0,0,0,400,0,243049,225,166464,0,4,199809,25,784,784,400,8281,484,0,14592400,16,0,0,232324,339889,16,0,0,841,0,16,1,1089,18326961,0,622521,186624,21187609,1225,908901904,0,100,18769,16,0,0,9,36
2020-04-17,100,576,11664,81,0,0,16384,1764,4,1521,6084,900,1,729,116281,0,226576,1527696,0,4,4,0,576,2704,4,4431025,0,0,2809,1,0,0,0,2948089,0,1,1,0,285156,123904,16384,0,0,256,1156,2500,2304,400,16900,400,39204,24336,0,19881,134689,28224,25,0,1024,0,49,0,1,17424,6974881,0,64,0,1764,11424400,0,4,225,0,0,0,324,121,1156,9,4,4,0,256,12321,144,1014049,144400,2579236,361,524176,900,66049,14333796,324,342225,36,1,19321,81,676,14161,529,0,81,25,0,196,1,0,3364,5041,1,0,12100,16,529,25,0,0,202500,11025,0,1,225,0,67081,4,121,0,0,1125721,0,4,0,625,1225,11449,0,12996,11881,270400,9,70225,25,0,1032256,42849,112896,562500,4761,153664,241081,11888704,4,0,0,0,1156,0,268324,441,198025,0,4,529984,0,12996,400,0,9801,484,0,14577124,1,0,0,375769,99225,0,0,0,784,144,0,0,1764,23049601,0,90601,211600,21316689,36,1002798889,0,81,6084,49,0,0,0,1
2020-04-18,2601,441,22500,196,0,0,9604,2209,1,1296,24025,3249,1,1936,70756,0,330625,1766241,0,0,0,0,784,3364,0,10608049,0,0,2116,196,1,0,25921,3207681,1,0,0,36,198025,961,42436,0,676,49,2916,529,3721,0,13456,400,37636,19881,0,137641,50625,29241,169,784,625,9,16,0,0,14400,164025,0,169,0,484,13024881,0,0,0,0,0,1,441,0,1521,16,36,1,0,225,5041,225,982081,165649,2247001,2304,502681,25,50176,12201049,400,394384,1,25,14641,144,961,17956,289,0,49,25,0,9,0,0,8100,1296,36,1,4761,16,361,81,0,0,334084,12100,1,0,0,0,78961,9,81,0,196,1525225,0,64,0,324,2601,1296,1,0,2500,207936,169,37636,0,784,996004,47524,212521,32761,625,313600,129600,16564900,25,0,0,0,81,0,580644,49,138384,0,121,388129,0,5184,1296,1296,31684,324,0,14714896,36,0,0,456976,119716,25,0,0,0,0,4,0,1764,18948609,0,414736,0,31348801,2809,950673889,0,36,4900,529,0,0,16,0
2020-04-19,3969,81,13689,64,25,0,28900,1849,0,2809,3481,1089,9,841,93636,0,0,1092025,0,0,9,0,729,1936,0,8508889,0,1,1024,64,0,0,0,2157961,4,0,0,0,228484,324,33124,0,0,36,3481,324,3969,676,11025,400,28561,0,0,43681,327184,35344,169,0,2809,0,81,0,0,36864,6599761,0,1,0,324,6041764,37249,0,0,0,0,0,484,25,0,0,0,0,0,225,6724,36,1779556,105625,1887876,0,605284,64,80089,12187081,100,320356,441,36,3969,256,900,8836,2304,0,900,16,0,25,0,1,3481,3249,0,0,2916,36,676,16,0,1,386884,7569,0,0,16,0,14641,1,169,0,1,1299600,0,16,0,144,2401,2809,0,37249,12321,262144,36,3969,0,0,866761,43681,131769,439569,2500,119025,123201,22896225,1,0,0,0,400,0,1281424,64,92416,0,16,887364,49,1600,169,361,63001,64,0,508369,100,1156,0,367236,105625,0,9,0,1089,0,1,0,4,14311089,0,117649,227529,30525625,1,1083858084,4,81,2025,0,0,0,25,1
2020-04-20,7744,196,8836,81,0,0,10404,2304,1,676,2304,625,4,10000,97344,0,0,1723969,0,0,0,0,1936,225,25,4223025,1,1,1369,121,0,0,0,2062096,9,0,0,0,128164,196,29241,0,289,25,2116,1521,2401,36,17689,25,20164,12996,0,119025,198916,12544,121,0,256,9,9,1,0,10404,616225,0,0,1,36,3150625,43264,0,784,0,0,0,1024,0,10404,0,4,9,0,25,4624,121,2411809,106929,1803649,3249,243049,1,51076,9284209,529,152100,16,16,6561,64,0,26569,196,0,225,1,0,100,0,0,784,169,16,0,7056,289,64,4,0,9,583696,14641,0,1,1,0,28900,16,16,0,0,1136356,0,49,0,81,7225,1369,0,7056,7396,180625,81,37636,0,16,1459264,29584,297025,271441,9025,193600,107584,36723600,9,1,0,0,36,0,1183744,289,104976,0,25,355216,9,5184,169,841,15376,169,0,4919524,1681,0,0,316969,112896,1,484,0,1024,1,0,0,169,15816529,0,68121,229441,34222500,484,605209201,0,121,4900,841,0,0,16,0
2020-04-21,1225,484,7921,16,0,0,8100,3844,0,169,5329,1444,16,1156,242064,0,2205225,2211169,0,289,0,1,1156,961,0,3713329,1,0,196,25,0,0,1,4186116,36,25,0,0,175561,1024,34225,0,0,4,1024,100,2704,25,16129,324,17161,0,0,80656,435600,35721,289,0,49,4,9,0,1,7225,4206601,1,121,0,64,3186225,0,0,100,0,0,0,25,0,1849,0,1,100,1,289,12996,4,1782225,34225,1674436,1225,160801,4,49284,5089536,729,134689,0,64,45796,121,7744,6400,484,0,144,16,0,64,4,0,576,64,0,0,1296,289,484,25,0,0,261121,5776,0,4,16,0,36481,0,64,0,0,562500,0,4,0,49,1444,324,0,2025,58564,636804,49,36481,0,4,485809,40000,93636,431649,1521,321489,36100,18215824,0,0,0,0,1,0,1258884,100,97344,0,64,2033476,1,144,25,5329,20164,81,0,8708401,81,676,0,153664,28224,0,4,0,729,9,0,0,25,21846276,1,172225,234256,21864976,0,787644225,1,49,8464,0,0,0,16,0
2020-04-22,3721,625,8649,0,0,1,12544,5184,0,484,2500,1936,1,4356,188356,0,210681,946729,0,0,144,0,121,1600,0,6240004,0,0,2116,361,0,0,21316,2528100,0,0,4,1,105625,225,29584,0,25,49,1369,729,2500,144,16129,81,32400,9801,0,6400,72900,24649,49,0,289,0,9,0,0,21316,7112889,1,1296,0,36,5004169,0,0,24336,0,0,0,484,0,4356,0,1,1,0,256,4900,25,1915456,140625,1682209,784,150544,49,52441,7447441,100,142884,36,0,5776,0,36,7225,484,0,81,0,0,4,0,0,400,3600,0,1,3249,256,144,121,0,0,531441,4356,0,1,1,0,26569,0,4,0,121,531441,0,25,1,0,13689,36,0,2809,0,284089,0,26569,0,25,2286144,19600,69169,266256,0,268324,93636,31832164,9,0,0,0,196,0,1315609,1225,67600,0,49,1234321,0,676,25,2401,27225,121,0,5345344,36,225,0,297025,24025,9,9,0,361,1,4,1,289,21261321,4,218089,240100,18498601,7056,1390469521,0,64,1225,841,0,0,0,9
2020-04-23,7056,625,9801,36,0,0,20736,2500,9,49,8281,1444,25,1156,152100,1,311364,870489,0,0,1,1,3969,729,4,7171684,0,0,2401,81,25,0,0,3118756,36,0,4,0,215296,144,42849,0,441,144,1296,1764,2704,36,9025,324,47089,841,0,65536,204304,0,144,16,49,49,4,0,0,13225,3337929,0,100,0,64,5531904,12544,0,49,0,1,1,676,16,5329,0,0,16,0,81,13456,49,1985281,80089,1425636,0,398161,0,422500,11356900,361,76176,0,9,27556,484,676,28224,361,0,169,25,0,0,64,0,784,1296,0,25,2500,0,1225,1,0,1,1087849,26896,0,0,4,0,28224,4,36,0,9,501264,0,0,0,49,8281,784,0,7056,11236,0,36,29241,1,0,1996569,12321,97969,363609,0,369664,219024,27415696,9,0,0,1,144,9,1301881,900,50176,0,121,1032256,25,2025,169,0,28900,64,0,8503056,400,1089,0,465124,42025,0,1,0,784,0,4,0,0,9504889,9,334084,233289,19811401,961,309337744,0,36,576,9,0,0,81,0
2020-04-24,11025,841,9409,1,1,0,21609,5329,0,169,3721,900,4,44100,171396,0,549081,824464,0,16,0,0,961,2116,0,13950225,0,0,5329,49,0,0,56644,3686400,81,0,1,36,266256,64,42025,0,0,36,2704,961,2116,25,2704,289,25921,144,0,59049,110889,28561,169,1,1089,1,0,4,0,24025,2732409,0,1,0,81,5461569,0,0,3025,0,0,9,1764,4,10201,4,9,100,0,0,9801,16,2835856,127449,1060900,5625,876096,0,84100,7001316,0,219024,441,81,20449,289,1521,22801,625,0,289,36,0,0,1,0,144,121,0,100,5041,625,256,1,0,4,1185921,21904,0,1,16,0,36481,25,25,0,9,786769,0,4,0,81,11664,1681,0,9025,10404,1976836,1,30276,0,49,2768896,73441,116964,137641,0,388129,148996,22791076,1,0,0,0,169,1,1340964,1369,26244,0,9,1075369,0,6561,169,1764,101124,36,0,4468996,1444,484,0,564001,51984,0,1,0,0,0,0,0,289,9709456,169,227529,268324,21003889,0,704530849,0,64,3844,100,4,0,4,1
2020-04-25,4900,225,14400,49,0,0,0,6561,0,400,6889,1936,1,90601,253009,0,564001,2238016,0,0,0,0,10816,49,0,12271009,1,0,8281,100,1,0,4,3161284,36,0,4,0,244036,225,102400,0,196,0,5329,784,2500,81,7225,484,18769,169,0,42436,0,187489,121,16384,169,64,1,0,0,12321,3143529,0,25,0,361,4223025,15625,0,729,0,0,1,2116,0,8464,0,9,0,0,5184,3600,0,2042041,190096,1364224,961,332929,1,30976,9126441,1296,425104,4,16,21904,256,1156,46225,81,0,36,64,0,256,1,0,0,900,1,0,7744,324,256,1,0,0,1535121,33856,0,0,0,0,36100,361,144,0,1,649636,0,9,1,100,12996,676,0,3969,5476,616225,16,29584,0,9,538756,44521,145161,842724,576,579121,103041,34210801,484,0,0,1,144,0,1373584,4356,42849,0,324,804609,0,1225,49,0,71289,100,1,6280036,2704,144,0,659344,32761,0,1,0,225,1,4,0,16,9746884,1,228484,275625,29008996,225,455907904,0,36,3364,400,0,0,64,0
2020-04-26,12544,1156,16641,4,0,0,118336,4761,0,256,4356,625,25,5041,95481,9,667489,1065024,0,0,0,0,3481,4225,0,30404196,0,0,3481,9,9,0,13225,2143296,4,16,0,0,304704,100,68121,0,0,36,1156,49,2704,36,6241,676,55225,81,0,31329,0,51529,1369,4,900,0,25,0,0,6400,2362369,0,16,0,144,3017169,0,9,256,0,9,0,1849,0,1764,0,1,0,0,1296,3249,1,3960100,156816,1285956,3025,142129,0,57600,5555449,289,84100,4,9,28900,49,784,77284,289,0,400,64,0,9,0,1,256,256,4,0,2601,81,2025,1,0,0,940900,37636,0,4,1,0,19321,25,4,0,0,429025,0,16,1,9,7569,1681,0,3481,13225,613089,4,40000,0,25,13564489,10404,145161,169744,961,693889,47524,35593156,49,0,0,0,0,0,1432809,4761,87616,0,0,381924,0,169,225,3844,19881,100,0,2692881,1764,1521,0,372100,46656,0,1,0,4624,0,36,0,289,8185321,0,242064,283024,24137569,0,2355063841,1,1089,841,25,0,0,0,4
2020-04-27,4624,196,15876,49,1,0,0,3844,0,100,3025,784,4,3364,174724,0,762129,654481,0,36,100,0,7056,961,0,11417641,0,0,2809,9,0,0,10609,2380849,256,0,0,36,223729,9,56169,0,0,4,1521,196,1024,49,2704,289,16900,225,0,43681,133079296,0,0,1936,64,361,1,0,0,10201,212521,0,0,0,900,1036324,73441,25,0,0,0,1,729,4,9604,1,0,0,0,1156,6889,4,1948816,75625,1329409,3249,491401,0,10000,5400976,2025,41209,1,9,4225,144,1024,33489,169,0,64,9,0,16,0,0,144,144,0,1,1444,5929,361,0,0,1,697225,10816,0,0,1,0,28224,36,0,0,9,429025,0,1,1,144,8281,361,0,1444,8649,366025,23409,58081,0,0,4778596,81225,118336,26569,4096,863041,160801,40462321,64,0,0,0,625,0,1495729,3249,69169,0,121,866761,1,36,361,2116,34225,100,1,2755600,3721,576,0,214369,27889,1,0,0,0,0,4,1,100,5555449,16,153664,287296,19918369,0,721298449,0,100,484,4,0,0,16,0
2020-04-28,29584,100,18225,9,1,0,49729,3481,0,144,4489,1089,0,5776,247009,1,682276,305809,0,0,1,0,4096,2304,0,21279769,0,0,3969,9,0,0,0,2576025,9,0,961,0,232324,676,47524,0,49,4,196,81,400,25,2025,144,15129,144,0,0,271441,214369,625,0,16,36,1,0,0,14161,1428025,1,1225,0,121,1308736,0,0,784,0,0,4,900,0,4761,400,0,16,0,1024,4356,0,2380849,45796,982081,729,148996,0,4624,3024121,196,36481,4,4,20449,64,289,45369,169,0,36,9,0,81,0,0,121,36,16,4,1600,0,361,4,0,0,725904,5329,1,0,0,0,3025,0,0,0,0,160000,0,4,0,25,4096,169,0,784,2601,564001,0,58564,0,4,1397124,39204,81225,88804,324,915849,91809,38415204,256,0,0,1,0,0,1661521,4096,54289,0,36,638401,1,4,0,1936,61009,196,0,2325625,4225,1444,0,81796,10609,0,0,0,256,0,1,0,324,4541161,0,0,240100,18567481,0,508096681,16,196,289,16,0,0,1,1
2020-04-29,15376,196,17424,0,0,0,15376,4225,0,169,3364,1521,0,7744,301401,0,844561,418609,0,0,0,0,1521,576,1,28998225,0,0,1296,9,0,0,34225,2328676,16,0,0,36,304704,4,123904,0,0,64,361,64,2304,225,3025,400,23409,1369,0,78961,1036324,67600,484,3249,169,36,4,0,0,2025,1134225,0,729,0,196,1700416,14641,0,0,0,0,1,729,0,5929,0,1,0,0,2025,6084,9,3598609,172225,1236544,0,52441,1,15129,4372281,289,76176,1,0,41209,121,100,23104,441,0,324,49,0,64,0,0,11025,144,0,0,961,961,256,0,0,0,1495729,24649,0,0,0,0,17424,0,16,0,4,29241,0,4,0,64,38025,484,0,5184,6724,649636,0,32041,0,81,6205081,32761,99856,32400,121,458329,76729,41100921,25,0,0,1,225,9,1602756,7744,49284,0,25,278784,0,9,1,2304,41209,81,784,717409,961,1849,0,483025,10000,0,0,0,0,0,0,0,64,5721664,0,160801,292681,15968016,36,582353424,0,25,1225,0,0,0,36,0
2020-04-30,14884,256,39601,0,0,0,24964,0,0,64,2500,2401,0,12100,410881,0,946729,275625,0,25,1,0,3249,0,0,39388176,0,0,2304,9,0,0,676,2471184,0,9,0,0,270400,16,68644,0,169,64,3025,225,900,36,5625,81,24649,25,0,55696,173889,51076,1024,0,36,400,16,0,0,27556,2582449,0,1444,1,36,2184484,0,0,1764,0,4,0,784,16,12321,16,9,0,1,1089,2304,4,2951524,67600,1151329,24336,141376,16,60025,4351396,225,55696,4,4,20164,100,81,90000,289,0,169,16,0,0,0,0,961,784,0,0,8836,1024,3364,169,0,0,1096209,17689,0,0,1,0,4761,0,0,0,9,148996,0,9,1,16,38416,441,0,3844,20449,763876,144,31684,0,100,7513081,64516,178084,135424,1089,413449,131044,34117281,169,0,4,0,100,9,1755625,3481,51529,0,144,476100,1,49,100,2916,125316,16,0,1540081,900,3249,0,463761,20449,0,0,0,256,0,100,0,25,8620096,4,207936,301401,16613776,30276,746710276,49,25,3969,4,0,25,4,4
2020-05-01,49284,49,24964,4,0,0,20449,17956,0,256,3600,1444,1,14161,318096,1,715716,435600,0,225,9,0,3249,10201,0,52099524,0,0,3481,16,0,0,0,2719201,64,0,0,441,1295044,144,87616,0,0,36,1369,196,1156,49,10609,5184,22500,144,0,102400,67081,72361,2209,0,529,81,1,0,0,7921,1297321,0,0,1,484,0,162409,9,225,0,0,1,196,0,20736,16384,16,25,1,1089,7744,0,3972049,120409,966289,6724,128881,4,12544,3504384,676,37249,0,4,89401,144,0,80656,0,0,81,16,0,0,0,0,100,225,16,1,3249,36481,64,4,1,0,2030625,15876,0,0,0,0,10404,0,1,0,0,264196,0,9,0,36,41616,529,0,1849,5476,1119364,0,23716,0,289,9272025,76176,56169,87025,11236,714025,68644,50395801,324,0,0,0,36,4,1825201,2601,81225,0,64,278784,0,25,121,361,88209,81,1,1923769,256,4489,0,624100,32041,0,0,225,36,0,49,0,196,6838225,4,291600,304704,36385024,0,895026889,0,169,1936,4,0,0,81,0
2020-05-02,26896,81,21904,1,4,1,10816,6724,0,25,1156,2500,1,16900,326041,0,792100,263169,0,36,0,0,3844,8464,0,38551681,0,0,6724,16,0,0,56169,3330625,4,1,484,0,970225,9,249001,1,81,36,3364,81,1296,49,3025,1024,23409,64,0,99856,1965604,128164,484,0,25,36,4,0,0,3136,364816,0,1024,0,1849,6677056,0,0,0,0,0,0,2025,1,1764,2704,0,16,0,9025,6241,1,5257849,187489,1012036,4624,48841,1,24025,3861225,100,69169,0,36,27889,225,196,124609,529,0,144,16,0,121,4,0,196,324,9,0,4761,529,324,4,0,0,2295225,6889,0,1,0,0,21316,9,0,0,4,225625,0,4,0,81,56644,841,0,2401,9801,1682209,100,35344,0,4489,12131289,80656,51984,132496,1296,471969,106929,62932489,36,0,0,0,121,4,1806336,8281,38416,0,144,868624,0,49,25,0,92416,36,100,1522756,625,0,0,183184,14161,1,0,0,0,0,49,0,16,4787344,4,207025,310249,38452401,0,1152942025,0,25,2304,4,0,1,9,0
2020-05-03,17956,49,19881,1,36,0,22201,15625,0,256,144,1600,1,12996,304704,0,829921,235225,0,0,0,0,58081,3364,0,24700900,0,0,36,9,16,0,64,2732409,841,0,0,1936,2036329,4,77841,0,0,64,841,9,5476,49,324,4900,9216,225,0,84100,1272384,88804,0,0,25,4,0,0,0,16384,630436,0,729,25,0,628849,9025,0,841,0,1,4,1936,0,2401,0,0,0,0,12321,3136,0,6990736,85264,643204,4356,117649,16,7056,3610000,961,87025,25,1,42436,576,100,58564,676,0,1,16,0,4,0,0,49,100,0,1,11025,784,1296,0,0,0,1819801,5184,0,0,0,0,25600,0,0,0,0,198025,0,4,0,64,47524,144,0,0,1296,978121,0,136900,0,1369,4305625,24336,72900,25921,33124,602176,27225,92602129,36,0,0,0,0,0,1855044,8281,24649,0,361,199809,0,16,25,4900,148225,169,0,874225,225,22500,0,315844,12544,0,9,289,36,0,0,0,121,3932289,9,302500,314721,23097636,0,857786944,0,16,1089,100,0,9,100,0
2020-05-04,55225,36,32041,1,0,0,10404,12769,0,324,4624,1444,0,9801,442225,1,769129,151321,0,0,1,0,15376,324,0,21049744,0,0,576,100,0,0,0,7617600,169,0,0,0,1507984,9,146689,4,0,36,1296,64,1444,64,676,100,13456,0,0,141376,4301476,73984,11881,0,1,16,4,0,0,5625,94864,0,0,0,49,461041,0,0,36,0,0,1,225,0,0,1225,0,0,0,2025,1369,1,6517809,121801,952576,5929,108900,1,529,1929321,36,47524,1,1,7569,900,784,132496,1225,0,64,16,0,16,0,0,16,144,196,1,14884,64,361,100,0,0,1912689,4761,0,1,0,0,30276,1,16,0,256,112225,0,1,0,196,28900,25,0,2500,7225,1172889,25,11449,0,676,11519236,87025,101124,111556,2601,461041,185761,113060689,16,0,1,1,4,0,2408704,4489,10404,0,4,431649,0,1,0,2601,199809,64,1,217156,169,7396,0,55225,7744,0,16,1936,9,0,1,0,16,2788900,1,252004,318096,18826921,0,623600784,0,9,484,144,1,0,25,0
2020-05-05,36100,64,30276,4,0,0,10816,14641,0,576,961,2704,0,22500,473344,0,614656,130321,0,36,0,0,7569,4761,0,43996689,1,0,1156,100,0,0,729,1684804,100,1,484,0,960400,4,93025,1,49,9,1156,25,361,4,1444,0,21609,16,0,78961,5489649,121104,1024,0,9,16,25,0,0,5329,331776,0,1024,0,16,469225,302500,0,36,0,0,0,729,0,15376,14641,100,225,0,15129,900,0,15210000,156025,1495729,2500,46656,16,1444,1490841,4,30276,1,16,24649,625,16,87025,169,0,289,9,0,64,0,0,81,16,0,4,3025,576,289,9,0,0,2056356,16129,0,1,1,0,19600,0,36,0,49,39601,0,0,1,25,59536,49,0,1444,4761,1729225,4,36100,0,361,2085136,68644,97969,0,1225,409600,121801,111957561,4,0,0,0,0,24336,2706025,7921,8649,0,441,328329,0,25,0,1156,190969,9,0,1079521,1369,0,0,163216,5776,0,4,23716,324,0,4,0,25,2604996,64,174724,321489,15880225,0,510443649,0,4,1600,16,0,4,169,0
2020-05-06,108900,289,36100,1,1,0,17689,12544,0,576,289,5776,36,34969,617796,0,741321,58564,0,0,0,0,14641,400,0,48094225,0,0,1369,256,0,0,0,1623076,121,0,0,2809,1885129,4,409600,0,0,169,1024,121,289,16,5929,441,22801,16,0,60025,0,150544,0,15376,64,0,25,0,0,7225,1218816,4,900,0,121,1075369,0,0,100,0,0,0,1089,0,10201,3844,1,1,0,8464,2116,0,8749764,234256,1750329,7225,68121,1,1849,1155625,4,15129,0,36,24336,2025,1,276676,784,0,0,1,0,16,0,0,16,144,81,0,900,484,1024,4,0,0,1254400,13225,0,0,1,0,30976,1,0,0,0,100489,0,1,1,64,21904,64,0,3136,9604,1100401,196,18496,0,256,14569489,39601,180625,31684,6561,904401,105625,102050404,0,0,0,0,49,0,2544025,3364,14400,0,441,399424,0,64,36,6241,123904,4,36,774400,256,10000,0,245025,784,0,0,3969,1,0,4,0,16,3356224,1,133956,213444,19412836,0,568393281,0,169,324,36,0,81,4,0
2020-05-07,28224,144,25281,0,0,0,35344,26569,1,676,4225,4489,9,45796,624100,0,819025,73984,0,36,9,0,7056,1681,0,110313009,0,1,7921,1681,0,0,25921,2102500,25,9,0,0,1065024,4,119716,16,784,36,2704,49,324,25,6084,24964,26244,0,0,106929,6056521,149769,11664,0,4,49,289,0,0,25921,17497489,0,1764,0,36,1425636,138384,0,441,0,0,4,1225,0,2025,0,0,49,1,36481,1521,0,12680721,134689,2822400,2401,70225,1,441,2085136,25,11881,0,4,50625,2209,16,235225,576,0,16,81,0,64,1,0,25,121,0,4,2025,1936,361,4,0,0,2588881,12769,0,0,0,0,35721,0,1,0,289,53824,0,1,0,49,38025,169,1,2500,28224,2319529,64,43264,0,81,13162384,102400,95481,230400,1936,688900,72900,111492481,49,0,0,0,361,0,2845969,10816,12996,0,676,620944,0,64,9,1444,55696,16,484,848241,676,5476,0,492804,2601,1,1,7396,1,0,0,0,9,5076009,0,237169,298116,38576521,0,582160384,0,9,676,144,0,16,49,0
2020-05-08,29241,100,34225,1,0,0,26569,10404,0,441,484,5929,0,70225,498436,0,833569,408321,0,1444,0,0,38025,1600,0,97772544,0,4,2601,49,0,0,0,2033476,729,0,0,6889,2350089,36,247009,0,100,16,3025,36,676,36,3249,1156,10000,169,0,82944,770884,154449,0,0,49,900,841,0,0,10000,395641,0,4225,1,25,1461681,0,0,225,0,0,0,1156,0,5041,7921,0,441,0,50176,784,4,11492100,114244,2205225,3969,18769,4,5041,1962801,100,7056,0,441,35344,625,1,77284,121,0,81,1156,0,121,0,0,25,64,121,0,1521,625,361,4,0,0,3928324,16641,0,1,0,0,19600,0,196,0,4,207025,0,4,0,121,145161,1089,0,1764,3025,3111696,1,18769,0,484,13756681,114921,94249,284089,3969,842724,153664,126135361,9,0,0,0,196,169,3214849,3481,3249,0,36,549081,0,256,1,3025,179776,144,256,1375929,729,6084,0,497025,4356,0,1,6724,9,0,49,0,1,3908529,9,257049,252004,30404196,841,804800161,0,121,4225,4,289,1,49,0
2020-05-09,46225,64,34969,0,49,0,57600,21025,0,324,3844,5625,0,60025,502681,1,870489,349281,0,10404,0,0,34225,1849,0,104489284,0,0,6724,64,0,0,0,2286144,144,9,2401,49,1934881,0,354025,0,169,64,961,1296,144,4,2116,1600,18225,4,0,78961,2190400,245025,7921,0,25,36,9,0,0,4225,412164,0,13456,4,64,1565001,848241,4,169,0,0,0,4624,0,6724,900,1,289,0,7396,1225,0,11022400,112896,2421136,3600,24336,0,3025,1760929,4,6561,0,196,20736,196,1,410881,625,0,361,144,0,100,0,0,9,144,0,0,4624,4,324,9,0,0,3632836,15129,0,0,0,0,26569,1,1,0,0,101761,0,1,0,196,148996,196,0,1521,23716,2679769,0,40804,0,10201,11029041,14400,101761,305809,15625,1718721,97344,114468601,4,0,0,0,1,441,2893401,3481,9025,0,676,589824,0,100,1,0,439569,324,900,552049,121,32761,0,412164,6561,4,0,3721,64,0,100,0,16,3415104,0,254016,305809,21613201,0,726679849,4,100,1444,49,0,64,196,1
2020-05-10,65025,36,35721,4,0,0,27225,21316,0,225,1764,20449,0,108900,404496,1,904401,342225,0,1764,0,0,29241,0,0,112593321,0,0,1936,16,0,0,81,1607824,36,0,0,3844,1555009,225,197136,9,0,49,4225,225,169,1,324,2916,10201,2916,0,256036,64009,238144,11025,0,64,16,256,0,0,20164,187489,0,1681,0,9,444889,63001,0,361,0,0,0,4489,0,1089,2209,9,25,0,3481,2500,0,10738729,284089,2337841,5776,47961,1,324,1172889,64,14161,0,196,40804,784,64,172225,5041,0,4,169,0,0,0,0,64,36,0,169,2916,21316,576,1,0,0,3755844,19321,1,0,0,0,39601,25,1,0,64,83521,0,4,0,400,57121,1296,1,1225,12544,3964081,0,44944,0,15876,10036224,21609,81225,19044,289,1276900,102400,117007489,49,0,0,0,196,0,2903616,6889,7921,0,1156,567009,0,0,16,4761,275625,1156,529,11669056,144,2809,0,430336,1936,0,0,8100,16,0,64,0,4,2390116,225,265225,389376,15178816,0,655974544,1,64,2601,196,0,0,7225,1
2020-05-11,136161,144,27225,1,4,0,169,19044,0,144,100,9409,0,27889,786769,0,848241,235225,0,1225,0,4,14161,400,0,45697600,0,0,100,9,0,0,93025,1313316,100,0,1296,0,2712609,361,322624,0,0,144,1089,121,144,36,784,1089,12100,441,0,216225,238144,190096,4761,0,36,81,841,0,0,6724,43681,0,0,0,81,127449,0,0,36,0,0,0,7225,0,10816,7225,49,961,0,20164,441,0,17749369,149769,1912689,7744,55696,0,529,643204,16,2601,1,324,8100,529,0,1134225,196,0,81,1296,0,0,0,0,1225,81,4,0,4489,2025,144,36,0,0,2439844,3600,0,0,0,0,23409,16,4,0,121,60025,0,9,0,36,61504,400,0,900,30625,2178576,0,27556,0,576,5253264,33856,119025,30625,625,1413721,53361,121264144,16,0,0,0,81,0,3655744,5625,6724,0,256,767376,0,4,9,3249,354025,1225,169,154449,256,39601,0,160801,2916,0,0,0,121,0,441,0,0,2377764,25,272484,609961,15389929,0,410386564,0,25,961,144,0,289,225,0
2020-05-12,81225,16,28224,1,0,0,60025,6241,0,49,7569,4900,1,87025,1069156,0,870489,135424,0,0,1,4,75625,2704,1,31719424,0,0,625,81,0,0,12100,1283689,196,9,0,0,1432809,1,302500,0,2116,81,900,81,289,9,2809,6084,7056,289,0,82369,2500,119716,1600,0,4,9,121,0,0,484,207936,0,19881,4,9,870489,190969,1,100,0,0,1,3844,0,4489,1225,25,729,0,1156,841,0,12988816,54289,2832489,2601,19321,0,841,553536,9,5776,0,484,12996,784,196,357604,441,0,49,196,0,144,0,0,36,4,225,1,4900,3844,64,49,0,0,1703025,4624,0,0,0,0,47524,144,0,0,196,25921,0,0,0,121,58564,484,9,49,30625,1299600,0,28224,0,121,2295225,85264,108900,9604,3364,1216609,51076,135862336,1,0,0,0,0,16,3865156,31329,3844,0,961,203401,0,0,9,1225,405769,729,0,232324,36,26569,0,121104,1521,0,0,2401,0,0,49,0,0,1240996,1,173056,462400,15031129,0,328225689,0,16,8281,64,0,25,0,1
2020-05-13,78400,16,30976,4,0,0,279841,21316,0,256,1296,10816,0,87025,938961,1,935089,108900,0,64,4,0,17689,256,0,85710564,0,0,1089,36,64,0,0,1382976,100,1,0,1225,2748964,49,434281,0,0,9,16129,121,441,4,2025,4489,6084,841,0,70756,828100,120409,1521,0,25,81,121,0,0,361,501264,0,3721,1,16,636804,182329,0,324,0,0,0,7225,0,0,3481,16,100,0,5476,784,0,12425625,234256,2193361,9025,11449,1,529,1965604,4,22500,1,196,31329,225,1225,982081,49,0,16,121,0,1,0,0,36,36,36,1,256,49,324,0,0,0,3988009,25281,0,0,0,0,18769,1,0,0,6889,38416,0,0,81,484,21316,100,0,841,21609,5085025,0,27889,0,169,10478169,69696,354025,54756,1849,2328676,36100,118788201,1,0,0,0,100,64,3651921,11881,4489,0,0,781456,1,64,1,6561,487204,676,1444,192721,400,18225,0,362404,1296,0,0,4624,4,0,324,0,0,2903616,16,140625,613089,11580409,0,486114304,0,36,1444,1,0,121,30276,0
2020-05-14,67081,16,34596,4,0,0,99856,32400,0,121,2916,4225,1,81225,1350244,0,906304,40804,0,0,0,16,33856,529,0,129618225,0,0,2116,49,0,0,12321,1256641,361,0,324,225,7075600,36,432964,0,64,121,3025,36,36,4,2304,5329,5776,144,0,87616,4489,114244,5625,6889,25,9,4,0,0,2601,257049,0,19881,0,25,870489,78961,0,256,0,0,0,20449,0,25921,0,0,225,0,30625,1521,1,13853284,474721,3833764,14161,25281,1,361,788544,4,3025,1,36,23716,484,0,564001,1444,0,1,64,0,1,0,0,196,100,400,25,1369,2601,784,25,1,0,3467044,63504,0,361,0,0,8836,9,1,0,4,51529,0,0,0,36,33856,400,0,529,88804,2108304,1,25921,0,9,18037009,71824,80089,47961,900,1932100,50176,100560784,1,0,0,0,25,225,3629025,12100,2704,0,2401,455625,0,16,4,2401,524176,841,81,720801,676,24649,0,405769,1089,1,0,5184,0,0,400,0,0,2686321,169,161604,525625,10510564,0,431891524,0,4,4225,289,0,9,25,0
2020-05-15,12769,324,35721,1,9,0,65025,20164,0,196,1681,14641,4,145924,1083681,0,896809,94249,0,144,1,25,50176,1225,0,194435136,1,0,961,0,0,0,23716,1261129,676,64,576,729,7070281,25,462400,0,2500,225,3481,64,400,4,6724,3136,2116,256,0,15376,256,158404,9604,5184,49,0,81,0,0,8281,386884,0,10000,0,400,833569,14884,0,100,0,0,4,30976,0,9801,8649,0,1521,0,3969,1369,0,15737089,322624,3268864,12321,181476,0,961,984064,0,12996,1,16,0,441,625,896809,841,0,121,64,1,4,0,0,36,121,324,0,1600,729,441,196,49,0,5803281,21609,0,0,0,0,9025,64,0,0,1521,72900,0,1,0,256,36481,841,0,289,103684,2044900,0,30276,0,196,18472804,66564,168921,34969,9604,3003289,60025,99480676,0,0,0,0,25,0,4157521,7056,6241,0,441,565504,0,64,1,4225,442225,729,784,413449,100,21316,0,452929,2500,0,0,11236,1,0,361,0,0,2673225,441,178084,487204,11874916,0,736742449,0,25,1089,225,576,289,43264,0
2020-05-16,1129969,324,34969,0,0,0,119025,33856,0,900,3969,10201,0,148225,1444804,0,917764,126736,0,0,1,1,42025,441,0,234243025,0,0,1444,81,0,0,22801,1442401,121,0,6400,841,6260004,81,367236,0,0,169,2116,1,100,9,3025,5041,6084,625,0,175561,931225,159201,3025,0,64,9,225,0,0,6889,316969,0,11025,0,16,384400,11664,0,1600,0,1,0,15625,0,3364,0,9,1369,0,20164,3136,0,15760900,240100,4418404,2500,16641,4,100,622521,4,1936,0,100,77841,529,0,783225,36,0,64,25,0,16,0,0,144,64,64,0,1296,2401,729,100,169,0,5938969,36864,0,5476,0,0,2025,16,1,0,324,40000,0,0,0,81,80089,289,0,484,80656,2499561,36,22500,0,25,15139881,46225,160801,69696,13225,1329409,36100,112317604,0,0,0,0,16,0,5322249,14641,4096,0,1521,628849,0,9,1,0,616225,361,25,265225,100,0,0,390625,2601,4,0,44521,49,0,625,0,9,2917264,1849,233289,558009,12673600,0,650658064,0,64,2116,16,1,361,196,25
2020-05-17,0,289,36864,0,0,0,106276,57121,0,289,5184,24964,0,26896,864900,1,904401,119025,0,0,0,0,62001,900,0,222576561,0,0,5329,0,0,0,34969,1565001,4,1,676,2116,3556996,36,522729,0,441,100,1936,4,484,16,2401,7225,4489,484,0,23716,1679616,241081,0,0,16,144,361,0,0,3364,138384,0,12321,0,576,339889,9409,0,81,0,0,0,14400,0,16129,0,1,2304,0,11025,1296,0,24870169,279841,3087049,4489,8464,1,361,765625,36,2304,25,121,94249,2401,0,887364,441,0,729,121,0,16,1,0,121,49,2025,4,289,2209,841,196,0,0,4460544,35721,0,1,0,0,7921,100,0,0,225,35721,0,1,0,16,30976,484,4,0,163216,1827904,0,32761,0,361,16370116,45796,58081,51529,2209,2393209,71289,84640000,4,0,0,0,1,0,8065600,14161,3364,0,225,216225,0,169,0,5329,690561,169,0,425104,625,0,0,220900,3364,1,0,41616,9,0,1225,0,0,2592100,576,278784,633616,11902500,0,599613169,0,1,2500,2025,25,324,121,4
2020-05-18,68644,169,39204,0,0,0,0,35721,0,81,196,18496,0,43681,1620529,4,938961,84681,0,0,0,0,68644,484,1,63011844,0,0,576,196,225,0,0,1295044,0,0,0,841,5536609,100,403225,0,0,100,2304,4,100,4,400,0,4761,4900,0,177241,175561,260100,5329,0,16,1,121,0,0,3721,14400,0,0,0,36,116964,0,0,225,0,0,0,22201,0,0,5929,0,9604,0,6561,676,0,27478564,239121,3261636,20736,4096,0,81,455625,9,400,0,36,80089,3249,121,1098304,6084,0,121,81,0,9,0,0,49,225,441,25,484,256,625,49,1089,0,4305625,15876,0,16,0,0,16641,64,25,0,169,15625,0,0,0,225,114244,900,0,0,24649,3896676,36,24649,0,64,13927824,43264,73984,51076,3249,2663424,27889,94264681,9,0,0,0,1,0,7485696,2601,12996,0,1849,465124,0,1,1,4096,1345600,225,2116,65536,441,105625,0,217156,225,49,0,40804,0,0,9,0,4,1871424,0,187489,534361,12489156,0,356190129,0,1,144,1369,4,16,5476,4
2020-05-19,166464,4,33124,0,0,0,320356,123201,0,225,625,169,0,51984,2566404,0,850084,77841,0,0,4,0,30625,196,0,172659600,0,0,576,0,0,0,0,1144900,0,0,81,256,5189284,81,519841,0,0,9,100,4,81,1,12321,30625,1681,13689,0,168921,160000,286225,5625,15625,100,0,1225,0,0,1089,242064,0,12544,1,1,263169,0,0,4,0,0,0,7921,0,19044,0,49,5929,0,23104,441,0,24700900,246016,5262436,22500,7744,0,16,203401,0,3600,1,256,96721,625,0,707281,729,0,1,400,0,9,0,0,36,4,324,0,2209,144,196,25,361,0,5827396,6084,1,0,0,0,6724,64,16,0,5041,21316,0,16,0,25,46656,625,0,2704,37249,3389281,49,14400,0,4,7075600,42025,126736,29929,4096,1863225,27225,79673476,25,0,0,0,0,121,6723649,4096,7921,0,196,93025,0,1,0,1156,842724,169,0,185761,121,91204,1,54756,100,0,0,42025,9,0,841,0,36,1340964,1089,105625,692224,7349521,0,477029281,0,9,2401,5929,16,4,64,0
2020-05-20,337561,1,30976,0,4,0,191844,47524,0,64,6084,53361,0,121104,1565001,4,876096,53824,0,43681,0,0,47524,256,0,303038464,0,0,1089,100,0,0,56169,1081600,49,289,5625,676,12390400,4,409600,529,64,256,1156,16,36,1,3721,10404,5776,0,0,248004,323761,518400,7225,29241,49,25,169,0,0,361,274576,0,4900,0,25,635209,130321,0,16,0,0,0,17424,0,4489,2304,1,3969,0,24649,1764,0,31483321,236196,4456321,3249,2601,0,841,660969,0,400,0,400,47524,2601,1156,1151329,729,0,9,529,0,16,9,0,225,121,16,1,1369,1369,729,4,0,0,7360369,40804,0,0,0,0,5041,1,4,0,729,11664,0,0,0,25,51076,484,0,64,85264,3732624,9,19881,0,1681,20702500,50176,146689,49729,9025,2679769,24025,85803169,121,0,0,0,1,25,6295081,5329,1156,0,225,203401,0,0,1,2209,588289,1024,9,268324,1225,0,0,178084,441,0,0,0,9,0,64,0,1,1044484,0,67600,762129,5817744,0,398800900,0,1,6084,17161,0,1369,121,0
2020-05-21,242064,225,27225,1,4,0,224676,52900,0,121,324,12769,1,126736,2614689,0,842724,36864,0,0,0,0,191844,225,16,398042401,0,0,1521,9,0,0,41616,980100,196,0,0,400,16305444,4,565504,0,0,225,6084,4,169,16,5476,10816,5329,96100,0,64516,494209,555025,5329,0,9,81,576,0,0,1936,174724,0,4225,0,36,555025,29929,4,100,0,0,121,17424,0,0,0,0,0,0,21025,1849,1,31460881,480249,5503716,12769,4096,1,400,442225,81,1521,9,529,70225,4356,0,646416,1849,0,16,49,0,25,1,0,225,169,2025,1,961,1849,900,576,2500,0,5053504,45369,0,0,0,0,12100,100,36,0,1764,39204,0,0,0,36,76176,361,1,121,138384,4809249,49,12100,0,16,20584369,77841,221841,51984,3721,2223081,38416,76807696,36,0,0,1,1,0,7241481,9409,10000,0,1296,324900,0,1,1,5041,644809,144,0,0,1,18769,0,524176,1600,0,1,42849,0,0,4,0,1,944784,16,125316,885481,275625,0,542191225,0,64,4900,5625,0,169,3600,4
